name,invite_code,tags,description
Qoutex trade,0029VbAxwwmBlHpXZm9x4n18,stocks-global|lifestyle,Let make money and start investing and spend on a daily basis get 30$ daily
🎮✨ Roblox Fun Zone ✨🎮,0029VbB31Jb3LdQe4DCr7h2m,gaming|productivity|news-world|lifestyle,🎮✨ Roblox Fun Zone ✨🎮 – Your daily dose of Roblox fun! News; challenges; tips & tricks; and cool game ideas straight to WhatsApp! Join now! ✨
Nature Pictures,0029Vb6l6bLBVJkuY0hBj32z,luxury,This is a chanel where I upload pictures that I have taken so everyone can see. Feel free to use the pictures for your own projects but make sure to use
Love Better Deals 💕,0029Vb6o32f8kyyGJcUWB62x,uncategorized,Showing you the latest deals and products! I may earn a commission if you purchase through our links. ✨ Products you'll love ❤️
GhixLoaded (🕊️),0029VbB2J9UF1YlOBQH9PK0Q,marketing|music|entertainment|lifestyle,GhixLoaded – Your plug for Naija songs; updates; and entertainment. 🚀 Daily music uploads _ Trending vibes _ Exclusive drops
Quick View,0029ValfTmD545v4NXA9OV2u,news-world,“Quick updates on news; offers & important info — All in one place.”
TALENTIA84 – Daily Jobs & Career Updates,0029Vb702l8CXC3Bj1Q8qd1b,auto|lifestyle,
Poetry and other all information,0029VbBXoNc9Gv7QspMX6I1M,news-world,Poetry Islamic news cricket update and other all information
Movie Time™ __ 🇱🇰,0029Vb6R6hn42DcjX5hMIX3n,movies,🎭 එහෙනම් කැම ටිකක් අරන් ලෑස්ති වෙන්න ළමයෝ ඔයා Movie බලන Movie Time එක ආවා..........☠️🍿 Movie Time �
Phone hacks 📱,0029VbBEUkgJENy2eUYzkC45,productivity|lifestyle,Get daily tips to speed up your phone; save data; boost battery life...
🏓 Friend Zone 😍,0029Vb5LFLp4inoyiJ80eJ2d,uncategorized,Welcome to the family 🏓😍✍️🎨🎭🍥
Velvet pen,0029VbBE04u8fewtE6w9mn28,luxury,✍️🦋Where words flow soft as velvet and stories...
The Real Estate Corner 🇺🇬,0029VbBKu40AYlUOVrbhQ425,real-estate,The channel is aimed at linking Uganda property buyers to sellers.
TigerEdge Forex Trading _ FREE Lessons,0029VajgY6sD38CY8aXtZ22t,forex|stocks-global,We teach traders to size positions; manage risk; and build expectancy with simple; repeatable rules. Follow for micro-lessons; checklists; and weekly drill
Girly glow aesthetics,0029Vb6iMyy3LdQSj9UjrC3x,fashion|auto|productivity|lifestyle,✨ Welcome to Girly Glow Aesthetic s! 💖 Your daily space for all things aesthetic; girly; and empowering. 🌸 We share inspiration; fashion; self-care tips;
MBBCH,0029VbAgL9fI7BeDZUDK4u0I,health|auto|productivity|lifestyle,MBBCH is your daily healthcare and nutrition helper.it’s provide you daily lifehack.
Teaching people the way of life,0029Vb6MObBDzgT6iijwvA3E,lifestyle,GHEGHE UNIVERSITY OF WISDOM AND UNDERSTANDING THIS IS A PLACE WHERE YOU CAN KNOW THE WAY TO HAVE MONEY AND THE WAY TO UNDERSTAND WOMEN
Free Online Certificate Courses,0029VbAfLIGFi8xbho0Ci93r,pets|education,Join with us to get links to free online certificate courses by famous platforms and universities and get a free access to every learning material all over
NiftyAdvisor,0029VbBQqED002SzTeJBXI0Y,uncategorized,100% profitable calls in nifty F n O segment along with charts to trade
Gentleman's Gear,0029VbArE5rADTOH6gEQFE3G,uncategorized,Wholesale Rates _ Premium Quality _ Fast Delivery
Daraz Offers,0029Vb6bsLT2v1J04eCzVr1B,uncategorized,```❝ 🔥 Daraz සුපිරිම Offers 🔥 ❞``` Daraz එකේ තියෙන Offers සහ Sale ඔක්කොම එක Channel එකකින් 😳💗 ✅ Daraz Monthly Sal
MrBeast,0029VbBFK3kLSmbWIbfjan1y,uncategorized,*🔥 Welcome to MrBeast Channel! 🔥* Your ultimate spot for *crazy challenges*; *epic giveaways*; and *inspiring content* from MrBeast and the crew. 💰🎉
Moodplug,0029Vb5qEqGJf05WUztpkT34,uncategorized,All the fuels for your day...
Lamine Yamal,0029Vb65l8X7YSd4AQeCGf37,football,🔵🔴 Welcome to Lamine Yamal FC Official Fan Channel! 🇪🇸⚽ For the lovers of Yamal Your #1 destination for everything Lamine Yamal Barcelona's wonde
Pure Photo,0029VbAuAm9JkK72Ni0SAe0B,uncategorized,Girls
Virtual Software Company,0029Vafr3WqIyPtT83ggMy2k,uncategorized,Smart Virtual Tools for Smarter Workflows.
Random Facts,0029VaEJuxB5PO16Lxgt5m2C,uncategorized,We work hard to provide you with up-to-date facts and figures that will surprise and astound you from the farthest reaches of factology!
Investment info,0029Vb5lTx3Gk1FmQS8zlI3k,stocks-global|productivity|lifestyle,Stay ahead in the world of finance. 💰 Get daily tips; market insights; and smart investment strategies to grow your money confidently. Perfect for be
Rafi Traders Pvt Ltd I Import-Quality Products,0029VbBFCKD9Bb5yehN2dh2g,fashion|pets|productivity|sports,We specialize in Import-Quality Products across multiple categories; including men’s and women’s accessories; sports items; clothing for men; women; and ch
Digital books and self-development,0029Vb6B47zDjiOcbd0wVg0x,stocks-global|marketing,📚 A digital channel for sharing books on self-development; marketing; and personal success.
😍 Status World... 👈😍,0029Vb6JRxiDJ6H13WzgqW3t,uncategorized,Hamoma enna 😍👉 ..ස්ටේටස් ලෝකය.. 👈😍 Status World... 👈😍
Ai tools Ott subscriptions,0029Vb60iW6ATRSmUTb7hc2I,ai,we sell Ai tools; Ott subscriptions and apps subscriptions at affoprdable prices
Mr Tsuro,0029VbB7CNmAe5VsJ5tN5e0Y,uncategorized,Let's Make Money.
සිත නවතින ගීත නිවහන,0029Vb5wVgf0bIdgJJ5MdH3Y,uncategorized,සිත නවතින ගීත නිවහන 🎧✨
Meme Sudda,0029Vb5zITa3AzNUFUATQ91b,memes,
Rajasthan All Exam Notes and Notification Group,0029Vb5ZfJR29753VElwnY1Y,pets,Rajasthan Govt Exam Notes; Rajasthan Exam Notification; RPSC Notes Hindi; REET Notes PDF; BSTC Updates; Patwari Bharti; Rajasthan Police Exam; Rajasthan Te
BLUE SEA EXPORT IMPORT SRL,0029VarzUVbDuMRirfAtuu3T,uncategorized,International Trade ( Export Import)
PayGo aim of finicial freedom,0029VbAr37u0G0XgAnZ0Ta2X,uncategorized,We're excited to introduce you to the ultimate platform for earning opportunities! Our mission is to empower individuals with financial freedom.
END TIME REVIVAL MINISTRIES INT'L,0029VaeUX8SEgGfQN3HTAv2l,uncategorized,Welcome to worship community
Sticker vibe lanka,0029Vb66KlW2Jl8FvnvREs0M,uncategorized,https://whatsapp.com/channel/0029Vb66KlW2Jl8FvnvREs0M
GK Status Video Channel,0029Vay08IsGU3BCJxigLt1k,uncategorized,GK STATUS VIDEO CHANNEL
UNLIMITED Statues&News,0029Vb5nnCG5PO11Rfwuv727,tech|pets|education|movies|sports|news-world,WhatsApp Statues ;News;Movie update;sports;movies;technology; education;and etc ♦️Language= 1.Sinhala = 2.Tamil
Faimus Jobs Uganda,0029Vb8rYc772WTv3PbrY81g,uncategorized,Number one job posting WhatsApp channel in Uganda
Kilama,0029VaCmVRWIXnlzYYcauv0B,pets,A website that shares global opportunities; including scholarships; grants; fellowships; internships; conferences; jobs; and competitions; helping individu
Bright Stories ✨,0029Vb9iwGw5kg76NLABdD1t,pets|entertainment,A channel dedicated to teaching morals and giving entertainment through fiction and some non fiction stories which can help boost morals; integrity and tea
sudda status,0029VakIIi53gvWfFzFu6V0L,uncategorized,<~°SUDDA STATUS HUB OFFICIAL°~™>
༆༒💞STATUS FOR YOU💞༒༆,0029Vb7O35SBKfiA1DKUnx3D,uncategorized,🙏❤️❤️❤️❤️❤️❤️❤️❤️Join with us for get status videos❤️❤️❤️❤️❤️❤️❤️❤️😁
VitaHub Media,0029Va8mSFM6mYPEKf82zG11,entertainment,Be Updated in all angles; celebrities; entertainment and other trending gossip across the world.
Aliexpress Best Selling Products,0029VaxrjSXK5cDFDErzNF3b,uncategorized,Unlock The Secret To Global Shopping! Join Our Whatsapp Channel For: Aliexpress's Best-selling Products Exclusive Deals & Discounts Up To 90% Off!
@𝚂𝚃𝙰𝚃𝚄𝚂 𝚅𝙸𝙱𝙴,0029Vb4ZL9h002T4L8WsIU1Z,uncategorized,@𝚂𝚃𝙰𝚃𝚄𝚂 𝚅𝙸𝙱𝙴 💫
Orignial Gold Plated Juwellries (India Imported ),0029Vb3eJZyKrWQnAL8gLU2J,uncategorized,*ඉන්දියාවෙන් ආනයනය කරන ලද ඉතා උසස් තත්වයේ රන් ආලේපිත කාන්තා පිරිමි ආභරණ අපෙ�
Daily earning online earning daily earning,0029Vb2Tow44Crfn4nZILq0q,lifestyle,اس چینل پر آپ کو روزانہ پیسے کمانے کے نئے طریقے، ٹاسک اور آسان ارننگ کے طریقے سیکھنے کو ملیں گے۔ اگر آپ بھ�
TAG24 NEWS US,0029Va8mS8hBfxoBh31o0H1e,news-world,Breaking news; trending stories; exclusive interviews; and more in the US.
Codm config cheat files,0029VaxzMvQGU3BPOJQyZl3K,uncategorized,IOS AND ANDROID CONFIG CHEAT FILES ARE AVAILABLE FROM R CHECK PRICE
Join The Rich (Get motivated and rich),0029VaFIXmJId7nJvpMyYq0v,productivity|lifestyle,🌟 Join The Rich 🌟 Get daily motivation; actionable tips; and proven strategies to boost your wealth and success. 🚀 Start your journey to financial freedom
Astro Sanctuary,0029Vaz4LFiCBtx6zVOzdp3k,uncategorized,🌌 Astro Sanctuary 🌠 Explore the wonders of the universe! From stars and galaxies to planetary mysteries and cosmic phenomena; we bring the cosmos closer t
Nature's Fury,0029VazJeUI9Bb5yvfm2zU2Y,uncategorized,🌋 Nature's Fury 🌪️ Discover the power of Earth's most intense forces! From volcanoes and tsunamis to hurricanes and continental drifts; we explo
Elearnmarkets,0029VaCyT9r8qIzkun133f3G,stocks-global,Your gateway to mastering trading & investing! 📈 Learn. Grow. Succeed. 💬 Updates _ Insights _ Free Webinars 📍 Empowering 1M+ learners globally! Vis
StockEdge,0029VaEAzaCFXUuZcWVzIo0y,stocks-global|productivity|news-world,Your gateway to smarter investing! 📊 Stay updated with latest news; expert insights; stock market trends; and exclusive tips to sharpen your edge. #NewAgeS
🎓 EDUCATION CHANNEL 🌟🌏♨️,0029VaoIR2n72WTvRVyZid1R,pets|education,This is a Sinhala educational channel This is Sri Lanka's most trusted and No. 1 educational association You would love to come too You too
BBC News US,0029Val1DUzGk1FvlqJtFN0m,news-world,The BBC is the world’s most trusted international news broadcaster.
Earn Easy Money With Honeygain,0029Varpi8C9Bb5tpzxqIF3b,uncategorized,Are you a teenager or someone who doesn't niw how to earn money without doing nothing. This is the place
Girly Stuff,0029VapqfGR8qIzt3wDr6F2z,fashion|beauty|productivity|lifestyle,Hey; girls! Want a daily dose of fun; fashion; and friends? Follow 'Girly Stuff' on WhatsApp for: Beauty tips & trends🪭 Fashion faves
Pittsburgh Pirates,0029VamfsWh8F2pCupUBob11,uncategorized,to err is human. to arr is pirate.
Explore Lanka,0029Va9KonZ9WtC4ndf1z91R,pets|education,ලංකාවේ වැඩිම followers ප්‍රමාණයක් සිටින Education Whatsapp නාලිකාව
Deal Grabbers,0029VaBRgbVHbFV2HEVMMl1I,ecommerce,Your go-to WhatsApp channel for the latest deals; exclusive discounts; and best offers on top e-commerce platforms like Flipkart; Myntra; Ajio; Amazon; and
People Sports,0029VaiZYGIAe5Vqw1U0ka1w,sports|news-world,Keep up with your favorite athletes and sports news; from the editors of PEOPLE Magazine. ✨
FOX Sports,0029Vaeu6mYCBtxF7iSw861W,sports,The home of the 2024 UEFA European Championship; Copa América; World Series and Super Bowl LIX.
The Bucket List Latina,0029Vaj7Uma8kyyL231ygg0X,food,All things bucket list in Texas and beyond! Bucket list things to do; hotels; restaurants; bars; & more!
Virtual Reali-Tea,0029VaeUwIn4inozjqqvDG3j,entertainment,Exclusive celebrity interviews; reality TV recaps and more! Get the piping hot tea you need from us every day. Hosted by Evan Real & Danny Murphy.
CinemaBlend,0029VajdM8tGOj9r2DoBph2h,movies|entertainment,CinemaBlend is a platform for entertainment fans to explore and discuss movies; TV shows; streaming; and pop culture!
ABC News,0029VajTNakKWEKkXoAPIR11,news-world,All the news and information you need to see is curated by the ABC News team.
90min _ FC Ultimate Team,0029VaixRkfKAwEfgwAK8l1a,sports|football|news-world,EA Sports FC Ultimate Team news and updates; SBC and objective guides; player reviews; polls and more...
Humble Bundle,0029VafB53gDp2QBJs4hlt33,gaming,Support charity and save on bundles of games; ebooks; and more. Shop great deals on thousands of games in the Humble store.
Valorant Esports,0029Vak9Izv89ino4VLgPb2X,sports,Oh hi; we're on WhatsApp now. The source for all things VALORANT Champions Tour; all the time.
New York Times Cooking,0029VaksJ22G8l5DrOguTk3W,food,All the food that’s fit to cook.
Wendy's,0029Val3D1yJ93wW65E3xu26,uncategorized,Wendy’s has entered el chat 🔥
Xbox: Official News,0029VakfW7e5K3ze30Dp1247,news-world,The latest Xbox news; features; how-to guides; and more – direct from Xbox HQ and the Xbox Wire team (Joe; Danielle; and Mike).
Anime News _ Update,0029VaGbsRo5q08jFhzSIr0N,news-world,We Provide the Latest News Information about Anime & Manga About the World of Otaku Live. *Updated and Trusted Information*
World Bank,0029VaeLyAgAojYvg7Wbr91k,uncategorized,Building a world free of poverty on a livable planet.
Richmondside,0029Vafn3Da7oQhdPdTVsr13,news-world,Free; independent; nonprofit news for Richmond; CA. The latest news; is here on WhatsApp.
USA TODAY Sports: Olympics,0029VahgSl2BFLgbNd3FAO2F,sports,On-the-ground coverage at the 2024 Paris Olympics
Olympics,0029VahMgbcFsn0f6BxPJS2N,sports,Inspiring people through the Olympic values of friendship; respect and excellence. This is sport. And more than sport.
Kareena Kapoor Khan,0029VaiPO8c3QxS83oupGn0G,uncategorized,an Indian actress.
Nina Drama UFC MMA,0029VaiHqBjBKfhzVwQyGt06,football|news-world,Hi guys! Follow me for the latest UFC comedy interviews and MMA news!
Hamid Ebrahimnia,0029Va72D5N7T8bSgJK0692i,news-my,Visual Effects & 3D Design 🎨 Learn more about my Setup; accessories & Devices 🖥️
Metro _ Strictly,0029VaZoVVS0wajl8sHIte3Q,news-world,All the latest news and rumours from the Strictly dancefloor 💃🪩
Metro _ Politics,0029VaeSkQj47Xe5nU4oKr10,uncategorized,What on earth is going on in the House of Commons? https://linktr.ee/alrightgov
Metro Netflix Gems,0029VadobJB6xCSNo6PVHY0j,uncategorized,All you need to know about the new and trending Netflix releases.
Metro Money,0029VaduQTO5vKABXoAbNe19,news-world,All the latest money news and advice.
Metro Immigration Nation,0029VaeGEiyLY6cyHWAfMt2Z,uncategorized,A Metro series exploring the stories of people who have moved to the UK.
Seattle Code Warrior,0029VaenryyKAwEnnDQ2iw2p,coding,Seattle Code Warrior
Time Out London Offers,0029VagWimc0wajlsBSFYj3a,food,Discover Time Out offers and get amazing savings and discounts in London. Enjoy some of the best restaurants and bars; salons and spa deals; plus endless t
Time Out London Restaurants,0029Vag61kt2kNFyudSCOp0d,food,Absolutely everything you need to know about eating out in London; from Time Out's food & drink editor Leonie Cooper
Metropolitan Police,0029VadYkDEFy72KhhF1as3z,travel,London's Metropolitan Police Service. Please note you cannot report crime here. In an emergency always call 999. Call 101 or visit our website: www.m
Rest of World,0029VaEyYMH5kg766q2xVC29,tech|pets,Rest of World is a nonprofit publication that champions on-the-ground reporting of tech stories in places far beyond Silicon Valley. Follow our channel to
Sebastian Ebel – Notes from TUI’s Group CEO,0029VaYmUgB5vKAIeXZxZn3k,travel,TUI Group CEO Sebastian Ebel shares his business thoughts; travel insights and opinion. More on tuigroup.com
RAF CAMORA,0029Vahg2cr8aKvFQZfQNX33,uncategorized,🐉Vergesse nie die SQUADRA 🐉
AGNEZ MO,0029VadO62x1SWt0aU4Blp2u,uncategorized,Hi people!!! Thanks for following me here ☺️
One Club,0029VaWxYC88qIztvuwrAO1j,uncategorized,One Club
Toni Talks,0029VafuM49EQIauaNRLPy0f,uncategorized,On the go updates from Toni Tone ♥️
The Telegraph _ General Election,0029Vag8z07AO7RA08TBOt2p,uncategorized,Turn to Britain’s best election coverage; with unrivalled insight on the race for No 10.
Election 2024 - The i Paper,0029Vafzc3P23n3nQGeCNj3X,news-world,Follow all our news; opinion and analysis as the election unfolds. We are the only national newspaper to have never supported a political party – and that
Scotland Supporters Club,0029VagiBLKJZg4E9hW27G41,uncategorized,Official WhatsApp Channel for Scotland Supporters Club members.
Wimbledon,0029VafiYUXA2pLFe0cBkK2z,uncategorized,The official Wimbledon WhatsApp Channel. The Championships 2024 will take place from 1 July - 14 July 🎾
Huddersfield Town,0029VabbP3WAO7RO1wgYZQ3D,football,The official WhatsApp channel of Huddersfield Town Football Club
PrettyLittleThing,0029VacJGSoBPzjSEy2plX1G,pets,Welcome to the PrettyLittleThing WhatsApp🦄 you can find exclusive discounts; competitions and more ✨👀 just hit follow!
Vogue Shopping,0029VacmVgfF6smwh9iak00a,fashion,From cult collaborations to street style outfit inspiration; consider this your one-stop-shop.
90min _ Women's transfers,0029VagVM72F1YlRLWaF0a3N,football|news-world,The latest transfer news for women's football across the globe; photos; videos; polls and more...
European Central Bank (ECB),0029VaN2TDTEquiHqZTiHo2v,uncategorized,We are the central bank for the euro; Europe’s single currency. We work to keep prices stable and banks safe.
European Parliament,0029VaVRYtV0Qeae109Zu40T,uncategorized,Your voice in the European Union. The Parliament is elected directly by citizens in 27 EU countries.
European Commission,0029VaXvWDtJJhzgUwbbCX1X,news-world,Bringing you news and information from the European Commission
Irish Star US,0029VaaaBk1CnA80mKMYoM36,uncategorized,The Voice of Irish America.
Timm Chiusano,0029VaaKd029WtBvZSHqif0f,uncategorized,POV - You needed somewhere to be unfiltered about all the things and WhatsApp is the perfect place for that.
Radio 2000,0029VaB1aabEawdl48SXRl0a,music,Radio2000 l The home of your all time favourites Our Music. Your Memories. 97.2 - 100FM Nationwide. Channel 812 _Audio bouquet
Jason’s random ramblings,0029VaFgrQaBA1et6FuxOI3k,uncategorized,Random stuff; nothing specific
Liverpool.com,0029VaamaFqAO7RIeeNF3o04,football|news-world,Latest Liverpool FC news; opinion and more.
Foreign Affairs,0029VabtjajBKfi69fmFle10,uncategorized,A magazine of U.S. foreign policy and international affairs; founded in 1922.
The Houston Chronicle,0029VabtHZkAjPXJLWTasN23,productivity|news-world|lifestyle,Follow our channel to receive daily forecasts; weather updates and breaking news; along with tips and information to help you navigate and prepare for the
REALTORS®,0029VafnWTO1yT2Ay90OcY23,real-estate,REALTORS®; Real Estate Listing Agents; and Brokers - Realtor.com
FC Bayern Munich,0029Vag6HCA0rGiQUeyrAs3K,english-learning|football,Official English Language WhatsApp Channel of FC Bayern 🔴⚪
Austin FC,0029Vag5twjFi8xZdKDI1u05,football,Grow the Legend 🌳🌳
State of Decay,0029VabPaJqKLaHqSS3H4f3d,uncategorized,Official channel for State of Decay; developed by Undead Labs.
Rockstar Games,0029Vabs4uK35fLqWp3ZER3t,gaming,The official home of Rockstar Games on WhatsApp.
Bethesda,0029VagRiwnBlHpjtC77L41K,gaming,Video game publisher! Starfield; DOOM; Elder Scrolls; Fallout; Indiana Jones and the Great Circle & more! 🎮
IFLScience,0029VaWag6qBVJl3scy4n83H,uncategorized,We’re here for the science; the awesome; important; and the strange.
BBC Scotland News,0029Vad8UHhGJP8GDXedB52L,sports|news-world|entertainment,The big talking points from across Scotland - breaking news; surprising stories; entertainment; sport and weather
BBC Wales News,0029VaYCReiDZ4LjcMtFlw0M,news-world,Breaking news from Wales.
90min _ LA Galaxy,0029Vadpq8mHAdNRkI6DU92g,news-world,LA Galaxy news and transfers; features; polls; photos; videos; social graphics and more…
90min _ LAFC,0029VadLM6J3WHTglOxVKP3c,football|news-world,LAFC (Los Angeles Football Club) news and transfers; features; polls; photos; videos; social graphics and more…
Follow England Away,0029VaYFrFQJkK717SciMW3r,travel,Keeping travelling England fans up to date with important fixture information and EURO updates.
Scottish Rugby - Event Info,0029Vaa5ttmHwXbKVA2Drz29,uncategorized,A place to find up-to-date information about event-related road closures and reopenings.
Mirror US - Women's Basketball,0029VaMox2X9Bb5rWQDse821,basketball,Welcome to the Mirror US - Women's Basketball WhatsApp Channel
Icons+,0029VaTTgISGE56ml1Gr5O3r,uncategorized,Idols; role models; historical figures; and part of our lives. And at Upsocl; we put them on a pedestal.
CBS News,0029VaSDJP3CHDyfRLHpav3v,news-world,CBS News brings you the news you need from the brand you trust.
Forza Horizon,0029Vaa74ng65yDFgAesqr1u,uncategorized,Live updates direct from the Horizon Festival in Mexico.
USA Fencing,0029VaZmXOxCcW4ifqrfZC2z,news-world,News; exclusive updates and behind-the-scenes fun on the official WhatsApp channel of USA Fencing.
Supercar Blondie,0029VaZWJO0HbFV8KlpvOq0E,tech|auto,We hunt down the world’s coolest cars and tech!
UEFA Champions League,0029VaVxXGDGehEKmnWrE50z,uncategorized,The official home of #UCL on WhatsApp Channels.
Orlando Pride Soccer Team,0029Va7X1t47T8beCXHAow25,gaming|football,Playing the beautiful game in the City Beautiful! #VamosPride
Billie Eilish Home,0029VadBaDqHgZWZF4nzt60V,uncategorized,HIT ME HARD AND SOFT; Billie Eilish
Inter Miami CF,0029VaXhetw7tkj7nHeKGw1L,uncategorized,official channel of Inter Miami CF. Bienvenidos al sueño 💫
Tasty,0029VaYam8WEgGfFJToGQT0m,marketing|food,Just a bunch of potato heads in the kitchen having fun and sharing their love of food.
UEFA EURO 2024,0029VaWq3eoKLaHwpRAFX23R,football,The official home of UEFA men’s national team football on WhatsApp.
CNBC,0029VaWBLgG4IBhMvGr2AD2j,uncategorized,First in business worldwide.
EA SPORTS FC,0029VaMzl0iEFeXrWydYmt1U,sports|football,The official home of EA SPORTS FC on WhatsApp.
The Movie Network,0029Vaakn1gFnSz8wvXvW72u,movies|lifestyle,Receive your daily fix of global movie releases complete with trailers; genres; and overviews. Junk-free content tailored for movie enthusiasts. Join now!
Gaby Malone - Fashion & Lifestyle,0029Va2Mjn1I1rcgDMJxKh3s,fashion|lifestyle,If you’re interested in fashion; or live in Dublin and the surrounding area and would like some recommendations; I’d love to see you here! ☺️✨
Celtic - Scottish Sun,0029VaDrtBD9mrGeH3DWKA2D,news-world|entertainment,The latest breaking news; gossip and opinions on all things Glasgow Celtic.
Wycombe Wanderers,0029Va93cZFD38Cagf4JJZ3S,uncategorized,The official WhatsApp channel of the mighty Chairboys from Buckinghamshire; England.
The US Sun _ NBA,0029Va8NkW07T8bQzu3Qnt3p,basketball|news-world,Follow us for all the very latest NBA news and scores; right here on your WhatsApp!
Home Buying & Selling - Realtor.com,0029VaFUqhgLdQeepEBTXD2h,uncategorized,Home Buying & Selling
Sportico,0029Va78K4y0LKZJRYG85k3M,sports,The Business of Sports
Amba Shepherd,0029Va6qcSx2P59if4A6i51v,music,➕Artist. #Songwriter. #VocalProducer🎵 ➕Collabs w @r3hab @nickyromero @edxmusic @Hardwell @tiesto @afrojack @porterrobinson ++ ➕Listen ⤵️ www.ambashepherd.c
INDYCAR,0029Va6GVCwGzzKP4NUcDh0R,auto,The NTT IndyCar Series is the top-level North American open-wheel racing series; sanctioned by different bodies since 1920; with earlier attempts in 1905 a
Sports Illustrated Swimsuit,0029VaB6GbPCMY0GZw3B2l3t,sports,For women; by women. ✨
The Sun - Newcastle United,0029Va7ZvXk1nozBFEueIO3g,news-world|entertainment,All the latest news; transfer gossip and match updates on Newcastle United; from The Sun; straight to your phone!
Guardian Australia,0029VaBW8Bn6hENlReOC9j0l,uncategorized,Fearless; independent journalism ✍️ Holding the powerful to account 🔎 Always factual 🤝
neha doodles,0029Va2ZrA4DZ4LcPjyL7a1t,memes,Wholesome doodles & funny videos.
HallieDaily,0029Va6SpXz1SWt1utvfr32B,travel|fashion|beauty|lifestyle,Fashion; beauty; travel; and style with HallieDaily -- a mom; a fashionista and 2013 Vanity Fair International Best Dressed
Bake With Shivesh,0029Va6QoV6AO7RF2JEyNj2I,food|productivity|lifestyle,Let’s make baking accessible; easier and more fun! Follow for daily; easy to re-create recipes; baking tips and tricks and lots of conversations around all
Akshay Kumar,0029Va7HbxeK5cDDnLVW273w,news-my|fitness|movies|lifestyle,Actor; Indian. Bollywood and Fitness spells my life.
Komal Jha,0029VaDjK2S3AzNL7FsGfT0X,uncategorized,Does description work for judgemental people?
AP News,0029Va7Tv2j59PwNEyqGCi1y,news-world,Advancing the power of facts; globally 🌎
Homes & Gardens,0029Va2PhaPDZ4Lac4S6LD1r,fashion,The best in design; decoration and style.
RuPaul’s Drag Race,0029VaE1QG1GehEM3HK3Lg3e,uncategorized,The official home of RuPaul’s Drag Race! 💄✨👑 Season 16 premieres FRIDAY JAN 5 at 8/7c on MTV! 🫶
RM of BTS,0029VaMdKoO65yDGdRbDEt1Q,kpop,RM; born Kim Namjoon; is a South Korean rapper and leader of BTS; born on September 12; 1994. Renowned for his exceptional rap skills and thoughtful lyrici
West Ham United,0029Va6vHUC59PwRq2Whzh2h,news-world,The home of all the latest West Ham news ⚒️
Shrewsbury Town Football Club,0029Va9zHnc4CrflADZgoj3k,football|news-world,Welcome to the official WhatsApp Channel for Shrewsbury Town Football Club! Get all the latest news and content delivered straight to your phone - follow o
The Hunger Games,0029Va71Rhi7NoZyVnINms1P,gaming|music,The Hunger Games: The Ballad of Songbirds & Snakes - only in theaters November 17
TheStreet,0029Va6gio91XqubdrVL3w3Y,uncategorized,Let's make finance fun! 💰
Business Today,0029Va4Hd309hXFCqY62yD2I,stocks-global|productivity|news-world,Follow businesstoday.in for news; live shows; market analysis by experts; exclusive interviews; personal finance tips and more from the world of business
Kardashians News - Daily Mail,0029VaDsZNpCRs1wgM0F6y3t,news-world|entertainment|lifestyle,All the latest news; photos; gossip and fan reaction surrounding The Kardashians; brought to you by Daily Mail.
Insider,0029Va3Pm8k84Om4OcpO7j1R,uncategorized,What you want to know
Nas Daily,0029Va0P3CB3WHTR9IrDUB1F,lifestyle,I’m gonna have fun with this channel. And you will too 🙌
PennLive.com,0029VaGgprQ7oQhWzFYc7S0b,sports|news-world|luxury|entertainment,PennLive and The Patriot-News are Pennsylvania's sources for breaking news; sports; entertainment; weather and more.
Total Gaming,0029Va2yCfLICVfdIntfVl0f,gaming,Total Army 😎
Bolavip _ Cristiano Ronaldo News in English 7️⃣,0029VaJ5RZFChq6PgDNi9L0J,english-learning|news-world,7️⃣🇵🇹🙌 Thanks for your support! We follow CR7 wherever he goes. Don't miss any updates with us.
Wembley Stadium connected by EE,0029VaLZ9Xl72WTwofwnIb3c,music|sports,Host to iconic music and sports. Join us under the arch 🏟️
BuzzFeed,0029VaDPEEN7oQhlVwQW0m07,food|productivity|news-world,BuzzFeed has breaking news; vital journalism; quizzes; videos; celeb news; Tasty food videos; recipes; DIY hacks; and all the trending buzz you need to kno
Bollywood Bubble Television,0029VaBPbWr17EmyOHMWjY02,movies,Bollywood Bubble Television on WhatsApp channel
Perrie,0029VaNd2RA4SpkKtIr6vU3g,uncategorized,Perrie Louise Edwards
Daily Record - Scottish; UK & World news,0029VaE1fZp11ulPHFj2cm1A,news-world|lifestyle,Scotland's Champion. First for Scottish; UK & World News.
Digital Rights Foundation,0029VaCPT557YSd7PqqnYb10,fitness,DRF envisions a place where all people; and especially women; are able to exercise their right of expression without being threatened. We believe that free
G2 Esports,0029VaDiRj9EQIawh6CfCB2F,sports,The greatest esports org
Infatuation London,0029Va8MXOu0QeapOrJrNU3M,food,Expert London Restaurant Recommendations For Every Situation
NASCAR,0029Va4ETyZIHphCJS88Fo2K,auto,Follow along for all things NASCAR including race updates; announcements and NASCAR 101. 🏁
Allure,0029Va7ALzMKmCPTSafsvt1R,beauty,The Beauty Expert 💄
Cookist Wow,0029Va4ooGFCXC3FEK2YTV0F,food,Simple; fast and fun recipes; every day. A project owned by Ciaopeople
Samreen Ali,0029Va27oRpCXC3IDFDUad1I,uncategorized,Famous Indian Youtuber and Social Media Influencer
FTAdviser,0029Va8euywLdQegPvHxQB1K,news-world,Essential news and updates for financial planners.
FC Bayern,0029Va6uRbo9sBICZIhyvZ0w,football,Official WhatsApp channel of FC Bayern 🔴⚪
Portsmouth FC,0029VaKOG0W2v1J0X0Mwfx2r,football,The official WhatsApp home of Portsmouth Football Club. 💙
Rolling Stone,0029Va6HNI7FSAtDnvU0Y40J,news-world,The latest news and more from Rolling Stone magazine and RollingStone.com
New York Times Games,0029Va81p5WDZ4LZ9iT5ZW3s,gaming,Games you’ll feel good about. No; we’re not putting an “S” in Spelling Bee today.
Sportskeeda Basketball,0029VaDTIjJ1iUxZ4hv3LU2l,sports|basketball,Your home for all things Basketball🏀
GLAMOUR UK,0029Va37721Jf05isdyDbM3F,fashion|beauty|entertainment,The latest beauty; empowerment; entertainment and fashion stories from GLAMOUR UK 💫
Guinness World Records,0029Va2exMN6RGJK8buLTM2J,uncategorized,🌎 The global authority on record-breaking achievements since 1955.
The Scottish Farmer,0029VaG9kCI0G0XhDxanvP2g,uncategorized,Informing; entertaining and fighting for Scotland’s farming community since 1893.
StyleCaster,0029Va6vyXaHwXbC7GE5890B,fashion|beauty|entertainment|lifestyle,Ring ring! 🪩 StyleCaster's serving you the 411 on fashion; beauty; entertainment; astrology & lifestyle content.
Shakira,0029VaEGKpe4yltUDIsrLt3G,uncategorized,Shakira's official WhatsApp channel
Vatican Museums,0029Va2jhZDA89MaorkAbq2T,uncategorized,Welcome to the Vatican Museums!
Fleetwood Town Football Club,0029VaK3fQbDjiOd6Wtr8Q1A,football,Welcome to the official WhatsApp Channel for Fleetwood Town Football Club.
Personal Finance & Wealth; Housing Financial News,0029VaQgHoiHQbRxUwHqpJ19,real-estate|news-world,Personal Finance & Wealth; Housing Financial News; Budgeting - Realtor.com
Turkish Airlines EuroLeague,0029Va9Jmb3Ae5VkBsSAUs17,productivity|news-world,Welcome to the official WhatsApp channel of the EuroLeague! Subscribe and stay up to date with our latest news; videos; content; Fantasy tips; fan rewards
The Athletic Insiders,0029VaKT0wV7YSdBnzK8Yx2H,news-world,Transfer news you can trust from David Ornstein and The Athletic.
Nitya’sFineFettleCookery’s,0029Va6W14vDOQIcF0ta5Z0e,uncategorized,Welcome to Nitya's Fine Fettle Cookery’s”
TODAY Show,0029VaFjI50HgZWbtQNihW3R,food|health,Your day starts here ☀️ The latest in pop culture; wellness; recipes; and more!
Spotify,0029Va9uaY5GehEUKumxYV1B,uncategorized,official Spotify channel on WhatsApp
The i Paper Sport - Football,0029VaMLH1G6RGJJAYoqhv1n,sports|football|news-world,⚽ Get the latest football news; the best analysis; and deep dives into clubs around the league
Amala Shaji,0029Va4ou8JAYlUKv12MIu35,uncategorized,Every good and perfect gift from GOD ❤️💯
The Indian Express,0029Va950Ah7tkj6iT2DmJ1R,news-world,The Indian Express brings to you the latest news; explainers; and opinions from India and the world. indianexpress.com Your contact details are safe with u
Kim Taehyung,0029VaLEmg6AInPhmt5qPK1j,music|kpop,Kim Taehyung; also known as V; is a member of the popular South Korean group BTS. Born on December 30; 1995; he is a singer; songwriter; and actor; known f
Leeds Live,0029VaA0GFZJUM2abyD9zl0d,news-world,Welcome to Leeds Live's new WhatsApp Community - the place to get all the latest headlines and breaking news sent straight to your phone.
Sky Sports,0029VaLuBby1SWsvuBCrf53l,sports|news-world,Breaking news; ‘must-see’ video; live match and event coverage; features and expert analysis from the team at Sky Sports.
Axios Denver,0029Va7QJU4AO7R7wp6oNk2d,lifestyle,Get smarter; faster with a daily look at the biggest stories in Denver.
Hibernian Football Club,0029VaLAxya0gcfMfr8LmP1H,football,The official Hibs Whatsapp channel.
indy100,0029VaDGBL565yDAUbU2T816,uncategorized,Welcome to the official WhatsApp channel for indy100; bringing you the stories you want to read; in the order you want to read them.
Newsweek _ Donald Trump,0029VaFQYBSBlHpljsN5XE2d,news-world,The latest news about Donald Trump from Newsweek.
jenniferstano,0029Va70cEdInlqHTawUzK16,uncategorized,Hey everyone! I’m thrilled to be one of the early access members to have a WhatsApp channel. Here; I’ll be sharing content similar to Instagram Stories; bu
UNHCR; the UN Refugee Agency,0029VaGKcnq8F2p6Oeob7T0e,uncategorized,Welcome to the UN Refugee Agency’s WhatsApp Channel. We support and protect refugees; forcibly displaced and stateless people. Stay up-to-date with the lat
Octopus Energy,0029Va8CjKsL2ATuaORPZ80I,pets,Tap follow and turn on notifications 🔔 to get Saving Session event alerts and earn rewards for using less energy at peak times.
Edinburgh Live,0029VaDepc6IiRotil0YsC25,sports|news-world|lifestyle,Your companion to life in Scotland’s capital. Covering news; sport and much more from in and around Edinburgh.
Alex Galmeanu - OnPhotography,0029Va7CvH1FnSzG3mzvST1Y,uncategorized,Sharing things I have found and will find about photography (and art in general). 📷❤️
Brighton & Hove Albion,0029VaAPkVuHFxP1eYNE2L0G,uncategorized,The home of Brighton & Hove Albion on WhatsApp! 💙🤍
Zookeeper Chad,0029Va6rKBMCcW4hcA8FN83U,pets,Behind the scenes with some of the most amazing animals on the planet
Daily Star,0029Va9UoZiElagwODwImx12,news-world|entertainment|lifestyle,Welcome to the Daily Star's house of fun! 😜 By joining our WhatsApp Channel; you'll get the latest breaking news; showbiz gossip and the best wi
MMA Fighting,0029Va6VQz405MUevB5gxC3m,uncategorized,Your home for everything from the world of mixed martial arts.
BWF,0029Va4gey9Gk1FxGCNh6i2y,uncategorized,The official channel of the Badminton World Federation (BWF).
OK! Magazine,0029VaE9tLSJ93wUrNBwY72q,beauty|news-world,Welcome to OK! Magazine's WhatsApp Channel! ❤️ Obsessed with exclusive celeb news? Love soaps? Want reviews on the latest beauty launches? Well;
Ruby Perman,0029Va2INqkJP218WBNwzk1Y,food,💃🏻I create lewks with food art 🎵tiktok 1.8m ▶️youtube creators award 🍭dm for custom candy couture
Harrogate Town AFC,0029Va8RMHl5Ejy1ZcEiMh2a,football,Official WhatsApp channel of Harrogate Town AFC
JIMIN,0029VaN86GP96H4MHG98EH1L,kpop,Park Jimin; a member of BTS; is a South Korean singer and dancer known for his exceptional dance skills and expressive vocals. Born on October 13; 1995; in
IFRC,0029VaAaQRGHgZWgKKS0hf0S,uncategorized,We are the largest humanitarian network in the 🌍
Lovin Dublin,0029Va7rjLKAe5VsaPkbIt0k,uncategorized,Check out the best of what Dublin has to offer; right here👇
MLB,0029Va7XMX4ADTOH27xXyY1g,uncategorized,The official WhatsApp channel of Major League Baseball ⚾️⚾️⚾️
Taylor Swift News - Daily Mail,0029VaDSKvcBadmhzRI23k1S,news-world|lifestyle,The latest news; photos; reaction; and intrigue surrounding the world’s biggest pop star; brought to you by Daily Mail.
HomeCooking Tamil,0029Va1ugJWICVfgNTMhDe13,food,Your favourite HomeCookingShow recipes in Tamil
Hometalk DIY Ideas,0029Va6Vz5g17EmsegcdRQ14,productivity,Cleaning hacks; decor trends; project ideas; jokes only DIYers would get—find all that and more right here! All the best Hometalk.com content and commentar
mikkigalangdotcom,0029Va1tDAmInlqHDu8fIB1I,stocks-global|tech|beauty,mba candidate in London. Creator; Tech marketer; beauty maverick.
The Sun - F1,0029Va6l6CkBA1f58zmDJE0j,news-world,All the latest news; exclusives; videos and updates from the world of F1; from The Sun straight to your phone!
Alex Kantrowitz’s Tech Updates,0029VaJwy2A4dTnKA2vVsV39,tech|news-world,Regular updates on the lastest in tech news; from a veteran Silicon Valley journalist.
Dubai one TV,0029Va2S6K2BVJkxNYHJOZ15,ai,Official WhatsApp Channel for Dubai ONE TV; One of #Dubai_Media TV Channels
Indian Cricket Team,0029Va2vqMCEAKWNmmDErM3A,uncategorized,Official WhatsApp Channel of Indian Cricket Team
CIC Saudi Arabia,0029Va9s6Fb1t90kmFdXvn0Z,pets,The Center for International Communication is a central source of info on the changing face of Saudi Arabia
Investor's Business Daily,0029VaBMXtLCMY0CojzEHl0B,stocks-global|lifestyle,IBD provides exclusive stock lists; market data; and research; helping investors make more money in the stock market.
Scientific American,0029Va8dOCM2Jl8AeE5Nt81W,uncategorized,Awesome discoveries. Expert insights. Science that shapes our world.
The Times of India,0029Va6z01r0waju8Zi6Oj2t,english-learning|news-world,The Times of India is India's most-related English newspaper & World's largest-selling English Newspaper
EFTM,0029Va2UXQ51dAw8Qf2ZdO2m,tech|fashion|auto|lifestyle,EFTM : Tech; Cars; Lifestyle (EFTM.com)
Front Office Sports,0029VaIfwERLI8YbdQgQ4A3z,sports,The business of sports.
Aidha 🧡,0029Va3tk6GDjiOhkYm9Cm2O,news-world,Welcome to Aidha's Channel! 🎓 Get the updates on our exciting events; news and more.
Arsenal Football Club,0029VaPw2HdEKyZNsQMec83M,football,The official WhatsApp Broadcast account of Arsenal Football Club.
The Sun - Dream Team,0029Va7uJsS3bbUxvejMrP0d,gaming|news-world,All the best news; updates and info you need from the UK's favourite fantasy game straight to your phone! https://www.dreamteamfc.com/
Balmain,0029VaK51uJ4o7qOgZGKVz3R,uncategorized,Curated by Olivier Rousteing.
Mail Sport _ Mohamed Salah,0029VaA5mnG2UPBP0a9dvW0a,sports,About Mohamed Salah
Ukraine.ua,0029VZzb5gV77qVXJHJHaK1S,uncategorized,Official WhatsApp channel of Ukraine 🇺🇦 — the brave country fighting for freedom in the heart of Europe. Follow to get verified updates and explore Ukraine
Edmunds Cars,0029VaGdqKeLNSa8kRNeIK0B,auto|news-world,The global authority for unbiased and unvarnished automotive news and reviews for over 50 years.
Investors’ Chronicle,0029VaD6zjW9WtBxc0gFG13F,stocks-global|news-world,Your trusted source of companies and markets news; investment ideas and analysis; direct from Investors’ Chronicle
Chelsea - Mail Sport,0029Va8wMJg5K3zLXB5W9U13,sports|football|news-world,Chelsea breaking news; exclusive and photos from Mail Sport's expert team of reporters; writers and photographers
Daily Mail I Harry Styles News,0029VaDmzHxG3R3iR8d1JM3S,fashion|news-world|lifestyle,Harry Styles News
Bloomberg News,0029Va2h58LDeONAZNBpcg09,news-world,The first word in business news.
Rotherham United,0029VaMpLWxIHphLnuUCHM0B,uncategorized,The official WhatsApp Channel of Rotherham United! 🗽
Cristiano Ronaldo - Mail Sport,0029Va8Lo5vJkK75VtlAHy3t,sports,Mail Sport _ Cristiano Ronaldo
MasterChef Pankaj Bhadouria,0029Va7ai7rKgsO18i1CB40D,food|productivity,Another way to stay connected now! Stay tuned to get the latest updates as I share recipes; nuskhe; pro tips and lots more!
Punch,0029Va2zCII9mrGXkt5VlQ2A,uncategorized,Drinks; always full.
New York City Football Club,0029VaIhM2K05MUaN839YZ25,football,⚽️ Since 2015 ⭐️ MLS Cup Champions (2021) 🏆 Campeones Cup (2022) 🗽 #DaleNewYork
The Chainsmokers,0029Va9fhLQAe5Vh2JoSs72A,uncategorized,a lounge for our biggest and best fans
Cracked,0029Va5hJtg11ulUfkqLCb21,memes,America's only humor site since 1958.
moneycontrol,0029Va2JvT3LtOj3x6oZcO1D,news-world,Know the new economy through Moneycontrol; India’s No.1 financial portal. Tune in for breaking news and in-depth analysis
Exeter City FC,0029VaIgPjE7T8bOUi0z1J0s,pets|football|news-world,Welcome to the official WhatsApp channel of Exeter City FC. Follow for the latest news straight St James Park. Located in the ❤️ of our city and properly
Flow Health,0029Va6QU7vBfxnxULCFyF2s,health|lifestyle,Science and storytelling for whole-life health.
Concacaf,0029Va2d4gyDjiOf5hkEYr01,gaming|auto|football,The Confederation of North; Central America and Caribbean Association Football ⚽️ #LoveForOurGame
The Economic Times,0029Va54SU83rZZYg2XcdM0K,news-world,Official account of The Economic Times; India's No. 1 Destination for Business News; Economy; Politics and More _ A Times Internet Product
Tech Tips and Deals - The US Sun,0029VaDYymp47Xe3DMLwAa40,tech|productivity,Follow us for the very latest on all the best Tech gadgets - including amazing deals and advice.
Born Different,0029Va7LtVj5vKAECosskZ3W,uncategorized,Born Different follows amazing people as they challenge stereotypes; break down barriers and battle to prove they have what it takes to succeed 💜
DESI GAMERS,0029Va9CITFH5JM0RGtSyv1o,gaming,DESI ARMY 🔥🔥🔥
OneFootball,0029VaA5U7Y4Y9ljLcLgHj2g,football,The ultimate football media platform.
ProPublica,0029VaFXZtzATRSv8Bafd40e,stocks-global,Investigative journalism in the public interest. Headlines and (sometimes literal) receipts.
PGA TOUR,0029Va3nJw68KMqrNum9CW3Q,uncategorized,Official WhatsApp Channel of the PGA TOUR.
Infatuation NYC,0029VaB7TbtAzNbsJhtM0l19,food,Expert New York City Restaurant Recommendations For Every Situation.
The Sun - Emmerdale,0029VaBtYIB8fewrz9RLlK3I,entertainment,The latest Emmerdale spoilers and juiciest insider gossip from The Sun.
CYBER CHATHAN,0029Va6pusEH5JLpxARYRg01,tech,Technology - Information
Bolavip _ Inter Miami News in English,0029VaJwia9ICVflJny1L512,english-learning|news-world,Inter Miami News in English
Blackburn Rovers,0029Va8fRROK5cDIC7iVen3d,uncategorized,The official Blackburn Rovers WhatsApp Channel
Ify’s Kitchen & Lifestyle,0029Va33L5lCnA7uzjiE0S13,food|fashion|lifestyle,I am a TV cooking show host and multi award winning food content creator from Nigeria. We show you how to make delicious and nutritious meals in the easi
Manchester United,0029VaAQ0dF7T8bcL5yjvq1s,uncategorized,Manchester United official WhatsApp channels
Reuters,0029Va993qu5q08m6Tl6jP0U,travel|news-world,Top news; pictures and videos from Reuters; now on WhatsApp. For more; visit http://www.Reuters.com.
Business Today Television (BTTV),0029VaANnMmEQIag3XGa4L0c,crypto|stocks-global|tech|real-estate|auto|news-world,Watch us for the best news and views on business; the Indian economy; stock markets; cryptos; consumer technology; the world of real estate; bullion; autom
Britney Spears news - Daily Mail,0029Va9FSPk9MF8xqfM5EV0J,news-world|lifestyle,All the latest news; views and updates on legendary pop icon Britney Spears; brought to you by the Daily Mail.
NBC News,0029VaJ6IPf96H4TbhZbsi2P,news-world,A digest of the top news around the 🌎
TechRadar,0029Va6HybZ9RZAY7pIUK12h,tech,A global team of gadget obsessives. Here to help you make more informed decisions on tech.
Repsol Honda Team,0029Va664WoFnSzGuHn81A2F,pets,Official WhatsApp of the Honda Factory Team competing in MotoGP
Star Sports India,0029Va6mIWNIyPtZGmLTup1w,sports,The official channel of Star Sports India
Kane Brown,0029VaKDR2jL7UVYnk5amM1V,uncategorized,Official Kane Brown WhatsApp Channel.
Liverpool - Mail Sport,0029VaDKftp42DcWvPd46f3k,sports|football|news-world,Liverpool breaking news; exclusive and photos from Mail Sport's expert team of reporters; writers and photographers
Aston Martin Aramco Cognizant F1 Team,0029Va2Ofc1L2ATy0BksxT0e,uncategorized,Join us for updates from the team. 🟢
SABC News,0029VaDoM70JkK785PeRbp3r,news-world,SABC News; Africa's news leader at www.sabcnews.com is the online news portal of South Africa's public broadcaster.
Daily Mail US Sports,0029Va9vCiIJpe8bzfzFy62p,sports|basketball|news-world|lifestyle,All the latest news from the world of US sports; including the MLS; NFL; NBA and more - brought to you by the Daily Mail.
hey.maca,0029Va7fKOf7oQhd2pyLoS3W,uncategorized,heymaca
Positivity DoubleX,0029VaC0EC9K5cDAptJ7Wh0f,uncategorized,Great Things Take Time 🤞
Vox,0029Va6Ws5XJZg418j5YNs2J,uncategorized,Our world; explained. Read more at vox.com
Samet Zili Hairdresser,0029VaCoHNdId7nOStxONS0n,uncategorized,Samet Zili Hairdresser
Israel and Hamas War - Daily Mail,0029Va8Dhd9BadmUjghsRY25,lifestyle,The latest developments on the Middle East conflict
Newsweek,0029Va6oNIKGJP8Dr8tnUB3n,tech|health|news-world|lifestyle,In-depth analysis; news and opinion about international issues; technology; business; health; life; culture and politics.
Ukraine - Russia war - Daily Mail,0029Va8gRhy7Noa4lDCOY40s,news-world|lifestyle,Ukraine-Russia war News and updates
Fox News: Antisemitism Exposed,0029Va9c8gzFy72A9dloD03g,news-world,Fox News Digital brings you stories on the rising anti-Jewish prejudice across the U.S. and the world.
MLS,0029Va2y0lk4NViolDcbia3A,uncategorized,Home of the 🐐 and weekly Puskás contenders ⚽️⚽️⚽️
WWE,0029Va4RukQ2UPBD1RL6Rx2R,uncategorized,The official WhatsApp channel of WWE!
Finance With Sharan,0029Va325T81Hsq29PSxNj1I,uncategorized,Finance With Sharan on the WhatsApp channel
MG Fitness,0029VaG3JtE96H4VvJQ59n0I,fitness,Aao saath main body bnaye 💪💯
The Irish Times,0029VaBlegFFXUuflSI6yL3d,uncategorized,Official WhatsApp channel of The Irish Times. Diverse opinion; thorough reporting and outstanding writing from http://irishtimes.com
SPORTbible News,0029Va6y8AMKwqSPHG9wCu2L,sports|news-world,SPORTbible channel
New York Post,0029Va662G9FMqrgmOJHuI3t,news-world,Breaking news and exclusives from the New York Post.
UFC,0029VZzIZSS2Jl8JYItVtk3S,football,The Ultimate Fighting Championship
Lionel Messi - Mail Sport 🇦🇷,0029VaCmGQC96H4X5XYZTG2X,sports|news-world,Lionel Messi breaking news; exclusive and photos from Mail Sport's expert team of reporters; writers and photographers
POLITICO,0029VaDsMMRDZ4LfTIBiQU1z,uncategorized,Nobody knows politics and policy like we do.
CBS Sports,0029Va4xJvpGU3BFqsOtTN12,sports|news-world,Hello; friends 👋 🏈🏀⛳️⚽️ Follow for the best breaking news; scores; and stories in sports.
Hull Live - Hull City,0029VaCxzSX9RZAZ9s7F871h,news-world,Welcome to the Hull City Live channel; the place to receive all the latest headlines and breaking news straight to your phone.
BTS official,0029VaB5OtgI7BeEjWBMDq1J,kpop,Follow the BTS channel on WhatsApp
NowThis,0029Va5Mi9AFCCoT4AkziT0m,uncategorized,Stories that move
Republic Business,0029Va7cXHxCHDynue5cUt3E,stocks-global|news-world,Republic Business – R.Biz – brings you the latest news from the world of Business & Economy. Follow this channel to stay updated on Market movements; S
The Mirror - I’m a Celebrity…,0029VaE1nf7LCoWuBdZtVs13,news-world|entertainment,All the latest jungle news and gossip from I’m a Celebrity… Get Me Out Of Here! straight from The Mirror 🐍
Women's Health,0029VaGe85eE50UnZLWEjQ1E,fashion|beauty|health|fitness|lifestyle,The best fitness; beauty; health; nutrition; fashion and more from the UK's top lifestyle magazine.
BBC News,0029Va7aTwe5vKAEyI4EIB2O,news-world,The BBC is recognised by audiences in the UK and around the world as a provider of news that you can trust: https://www.bbc.co.uk/news
Ballislife,0029Va2aONmKLaHi0gXYVc2Y,basketball|lifestyle,The official WhatsApp channel for BALLISLIFE. The only channel you need to follow for all things basketball.
talkSPORT _ Boxing,0029VaDY3jBHltY7VoVZLj25,sports|news-world,Boxing news
Fast Company,0029Va9RuGzFCCodfozHOF3Y,uncategorized,Inspiring you to think beyond traditional boundaries and create the future of business.
San Francisco Chronicle,0029Va9XLqN7tkjCsqlVs10y,pets|news-world|lifestyle,A daily news publication bringing you the best stories in the San Francisco Bay Area and beyond ✨
Transfermarkt,0029Va6Kevx47XeF0gE99J35,stocks-global|football,Your source for football stats; market values; rumours & transfers! 👉 https://www.transfermarkt.com
The Sun - Money Saving,0029VaAOU5k1NCrLEpPh7S1C,stocks-global|productivity,The savviest tips from The Sun to get the most from your money; from supermarket steals to energy saving deals.
YRF - Yash Raj Films,0029Va25vQS9hXF93Hp7yJ26,movies|music,Films. Music. Artistes. At our core; we're storytellers. Celebrating the legacy #YRF50
Barron's,0029VaBgxB89xVJYQNeY5L2E,stocks-global|pets,The premier investing publication. Picking stocks since 1921.
AJ+ Voices From Gaza,0029VaE0GpY9RZAe7DcpNv3A,uncategorized,Voices From Gaza
Tottenham Hotspur,0029Va1PAqZADTOICWUvTK0D,football,To Dare Is To Do
Business Today Subscriptions,0029Va5mFSHHVvTXWv18AV2M,stocks-global,Subscribe to Business Today for unparalleled coverage of India's businesses and economy; advice on personal finance and investing exclusive case studi
Sesame Workshop,0029Va3BNe3IiRonRfXgBL3E,parenting,The global impact nonprofit behind Sesame Street and so much more; helping children everywhere grow smarter; stronger; and kinder.
Man City,0029Va3el7l0rGiIn0DLB43T,uncategorized,𝐸𝓈𝓉. 1894 🩵 This Is Our City 🏆 1 x UCL Winners 🏆 9 x Men’s League Champions 🏆 1 x Women’s League Champions
What If,0029Va8VC502ER6r1yk1yP2Y,uncategorized,This is the official WhatsApp channel of the What If show.
Luzia (EN),0029Va82GoRISTkE5nvcO00n,ai,I'm Luzia; your intelligent AI personal assistant here to help you with anything you need.
Joel Poe,0029Va7se1yKLaHho7B8Fb2J,gaming|music,Official WhatsApp group channel for Joel Poe. Musician; Emo boy; skater; gamer and geek. 🎮 Join the fam 🤘🏻⚡️🦊
Newsweek _ The Royal Family,0029VaEiiYa2P59fooisb82P,news-world,The latest news about the Royal Family from Newsweek.
Cravings,0029Va4e4tNLtOjInm7GCQ0z,uncategorized,Content that will melt your mouth. 🤤
Daily Mail Celebrity,0029VaAwPfiLCoWvWerKsZ3j,news-world|entertainment|lifestyle,Feed your daily addiction with the latest news from the world of showbiz and TV.
Mercedes-AMG PETRONAS F1,0029Va7Hjp3BfxoCxnAj4Q3o,pets,By the Team. For the Fans.
MyLondon _ Court and Crime News 🚨,0029VaBWwAw1NCrQlOUUUY00,news-world,Welcome to MyLondon's WhatsApp Channel for all court and crime news
Reality TV News - The US Sun,0029Va8X506HVvTRtGEtuM3N,news-world|entertainment,Follow us for all the latest news and gossip from all your favorite reality TV shows - including The Kardashians; Teen Mom; Sister Wives; The Bachelor and
Britain’s Got Talent,0029VaKPtKu9xVJoUssHV31i,uncategorized,The official Britain’s Got Talent WhatsApp Channel
NYT Cooking,0029Va8KJ8C1HspqB5MyGN3j,food,Recipes and advice from New York Times Cooking 🍝
Newsweek _ Taylor Swift,0029VaFZLS0BadmVhJehQx2O,news-world,The latest news about the pop sensation Taylor Swift from Newsweek.
Watford FC,0029Va8E3y747Xe6mV2fpc1q,football,Watford FC
Microsoft,0029VaHChUt96H4JTM53W42p,uncategorized,Microsoft's official channel on WhatsApp
WWD,0029Va64YAFHgZWlLR1LyI1y,fashion|beauty|news-world,The global go-to for exclusive news in fashion; beauty and business.
Love Island,0029Va9oVMUC6ZviqukQzK1W,uncategorized,I've got a text!
TRT Wolrd,0029Va5hYfa8fewiuxISDF1R,news-world,Welcome to TRT World Whatsapp channel; where news inspires change.
WalesOnline Rugby,0029Va3GNLN3LdQXSBPCAX2M,news-world,🏴󠁧󠁢󠁷󠁬󠁳󠁿🏉 Welcome to the Wales Rugby breaking news and top stories WhatsApp channel by WalesOnline - the place to receive the latest news; interviews; analy
Red Bull KTM Factory Racing _ MotoGP,0029VaAmN2e4dTnJ72mOJ50b,uncategorized,Home of the Red Bull KTM Factory Racing Team in MotoGP Our riders: Brad Binder 🇿🇦 & Jack Miller 🇦🇺
Guild Esports,0029VaGp44jEQIauM034rS2P,gaming|sports,We are an organisation in gaming and esports co-owned by David Beckham.
AL.com,0029VaAWIB2AojZ1V4O3OE3N,sports|news-world|entertainment,We’re Alabama’s source for news; info; entertainment and sports. All the time. Y’all come join us.
Express US - The Bachelor,0029VaI59QE3mFXzIdk5GV2E,uncategorized,Welcome to the Express US - The Bachelor WhatsApp Channel
Fulham Football Club,0029VaDdhfI9mrGeynXNvs0O,football,London’s Original Football Club.
Grimsby Live,0029VaAWFz07YSczRnQDna1D,news-world,Welcome to Grimsby Live’s new WhatsApp Channel - the place to get regular updates on major breaking news and top stories sent straight to your phone.
AlArabiya English,0029Va53jE8BPzjdMJiEeT3f,english-learning|news-world,The Arab world’s leading source of global news and opinion.
Arabian Business,0029Va9rCizElagl8q0yfz2e,news-world,Follow the Arabian Business news channel; where knowledge meets empowerment. We are committed to upholding the highest journalistic standards; ensuring acc
Everton,0029VZzo3YAFHWq1W4abbA0F,football|news-world,News and information from Everton Football Club.
Pakistan Cricket Team,0029Va695saCcW4z3auGs42r,uncategorized,Official WhatsApp Channel of the Pakistan Cricket Board.
Netflix,0029Va5nZToFSAt56yKM0C1f,uncategorized,Netflix official channel on WhatsApp
Sports Illustrated,0029VaAPA2p1SWsvM8pXCy2Y,sports,We love sports!
NowThis Impact,0029VaLx2IdBvvsiab24vJ39,uncategorized,Stories That Move
TOI Health,0029VaCc8UGI1rckpdGs9229,health|lifestyle,Your go-to platform that will help you on your journey to a healthier and happier life. Your optimal health begins here.
Cosmopolitan UK,0029VaHsPWt47Xe36yl2yQ17,fashion|beauty|news-world|entertainment,Your go-to women’s brand for fashion; beauty; celebrity news and love and advice
Arab News,0029Va8CMj2Au3aST6Qw3m2q,english-learning|news-world|lifestyle,The Voice of a Changing Region. Established in 1975; Arab News is the Middle East’s leading English daily.
Saregama Music,0029VaB6zvLBadmessz6fP45,music,Record Label Looking for your new favourite jam? Start here 👇
International Cricket Council,0029Va1l6bYElah0fPmOD40v,uncategorized,The official channel of the International Cricket Council
Katrina Kaif,0029Va2ToCQEQIapsoWD4g3V,uncategorized,Katrina Kaif's WhatsApp channel
Netflix News,0029VaDSExf3GJP6Qt4RSg3e,movies|news-world|entertainment|lifestyle,All the latest news; reactions; and gossip surrounding Netflix shows and movies. https://www.dailymail.co.uk/tvshowbiz/netflix/index.html
Parade,0029VaBfDXpATRShSFVAiy45,entertainment,Delivering culture and entertainment since 1941. Your stop for your favorite celebrities; television shows; and fun.
Mau y Ricky,0029VaBFTU7G3R3mS0GouD02,uncategorized,Mau & Ricky at WhatsApp channel.
AsliMonalisa,0029Va2awLl002T9fmStHV0K,news-my|travel|movies|lifestyle,Actor; Indian; Bollywood;Love To Be Loved; Love Travelling; Dancing My Life 🧿
Peloton,0029Va6nq3L5EjxxMT3HEP0b,uncategorized,hot sweaty mess? you’re welcome here.
Manchester United Women,0029VaBKH8pJUM2V71QSoY3U,football,Women's football team of Manchester United Women
The Hollywood Reporter,0029Va1n21u11ulPA88xfo1F,movies|news-world|entertainment,The premier destination & most widely trusted resource for entertainment news; reviews; videos & more.
Miami Marlins,0029Va3n80MAjPXThltWzC0H,uncategorized,Official Channel of the Miami Marlins.
Sheffield Wednesday Football Club,0029VaIMPx9Jf05Uw7KEc81Q,football,The official WhatsApp channel of the Owls!
Rishi Sunak,0029VaJtCjH8fewrI5cGvn2l,uncategorized,Prime Minister of the United Kingdom 🇬🇧 Conservative Party leader. MP for Richmond (Yorks). Promoted by Alan Mabbutt on behalf of the Conservative Party
Yorkshire Live,0029Va9YIdN4yltR2WJ4Rt0r,news-world,Welcome to Yorkshire Live's new WhatsApp Community - the place to get all the latest headlines and breaking news sent straight to your phone.
Chronicle NUFC,0029VaA1cGs7dmehHa19Nv3C,football|news-world,Welcome to the Newcastle United channel from ChronicleLive. If you’re looking for the latest transfer news and breaking stories surrounding the Magpies sen
CNN News18,0029Va6hvgbDOQITqnmuXi0J,news-world,Official WhatsApp Channel of CNN-News18. Lightning fast alerts; #BreakingNews from India and the world.
Modi Updates,0029VaDJ4UtFcowGKH34PM0O,uncategorized,Modi’s official WhatsApp channel! Follow for info on upcoming shows; new podcast episodes; and more.
Media Masons,0029Va12DWtFCCoMees6j63e,uncategorized,Media Masons
The Independent,0029VaCmehY6WaKwBjVmBt3x,news-world,Welcome to the official WhatsApp channel for The Independent; the world’s most free-thinking newspaper 🗞
Bryan Benedict,0029Va2Ty9U0lwgkhQlzyA2q,uncategorized,Filipino actor and model.
Royal Challengers Bangalore,0029VaA7nuY5vKAEllww1k06,uncategorized,The Official WhatsApp Channel of the Royal Challengers Bangalore.
Axios D.C.,0029Va8EHGh3rZZU4BuXEH0V,lifestyle,Get smarter; faster with a daily look at the biggest stories in Washington D.C.
World Health Organization,0029Va4888XFXUuR8N6Inn2u,health|lifestyle,Prioritize your health and learn how to live a healthier; happier life.
Mark Zuckerberg,0029Va2fZDwFMqrWu3r4kO1H,news-world,Meta news and updates
Modern Biology,0029Va7NY1yDDmFLcT7NtH2s,startup|music,mushroom music 🍄 plant music 🌱 and sonic adventures in nature!
jin,0029VaNNA7GF1YlNcirqKa46,music|kpop,Jin; a member of BTS; is a South Korean singer and songwriter born on December 4; 1992. Renowned for his powerful vocals; he is one of the main vocalists i
Envision Racing - Formula E,0029VaGB9Uk0QeajRzABFj1h,uncategorized,The official WhatsApp channel of the Formula E 🏆 World Champs!
The Repair Shop,0029Va2d72eK0IBopabFFd1d,auto,The Repair Shop is a show on BBC that features a team of skilled and caring craftspeople who restore family heirlooms for their owners.
Dream Dubai,0029VaFQymJ2kNFoyItf0T1n,ai,A platform that allows you to DREAM the unthinkable; WIN the priceless; and LIVE the unforgettable. Dream BIG. Win BIGGER!
The Guardian,0029VaF4uvICnA80zyI0hV07,uncategorized,200 years of independent journalism 🌎 Fearlessly holding power to account 🔎 Always factual 🤝 never dull 💃🏽
Reuters 2024 U.S. Election,0029Va9O1xP2ER6bo1tGch3S,uncategorized,Reuters coverage of the 2024 U.S. presidential election.
Niveyshak,0029Va6QtQDEwEjnXmsCUm0Y,stocks-global|news-world,Niveyshak _ Capital Market Analysts 🏛️ Product/service 🔔Financial News Updates 🔍Equity Research 💷Fundamental Analysis 🕮Brokerage Reports 📈Market Trends 💰S
Showmax,0029VaBGHav0wajo4ZUzBp2I,movies,Offering a vast library of shows and movies; Showmax is a South African-born streaming service accessible through a subscription.
Al Jazeera English,0029Va6hGTmE50UjvzZI2g2Q,english-learning|news-world,News from around the world.
JioCinema,0029Va9A2Yg4CrfqAH7wHA0B,movies|sports,JioCinema is Viacom18's video-on-demand platform; which brings you LIVE sports along with top rated originals; exclusive global shows; award winning m
Paris Saint-Germain,0029VaC69uDBvvsmgXeQiW2f,uncategorized,Paris Saint-Germain's official Whatsapp Channel 🔴🔵
Polygon,0029Va6UXqR4IBh5jXrS5C0x,stocks-global|entertainment,A tour guide for the wilderness of modern entertainment. We find; share; and investigate the things you love and the people who make and enjoy them.
Khaleej Times,0029Va5dROu3bbUxk7Jh2503,news-world,UAE's leading digital news publisher is now on WhatsApp!
POPSUGAR,0029Va6yxkf9cDDjhKKqFh0v,fashion|beauty|health|entertainment|lifestyle,POPSUGAR; a renowned global lifestyle media brand; covers a wide range of topics including entertainment; fashion; beauty; wellness; family; lifestyle; and
Cakefacerj,0029Va6YjhY2phHIn1lB1x21,kpop,Illusion artist 🎨 BTS of work and stuff you might miss everywhere else🤣 LOVE YOU ALL🤍
NABU,0029Va5zgOYC1FuJYd99ud2u,pets,On a mission to eradicate illiteracy by 2030.
The i Paper,0029VaCSvxrFy723QSeGAw0n,news-world|lifestyle,📰 Your essential daily briefing - from the UK's youngest national newspaper
National Geographic,0029VaCUlftCRs1q1Y5HL744,uncategorized,Amazing stories of exploration; extraordinary people; and uplifting discoveries.
Chopstick Travel,0029Va7PKkpJ93wMDINB3y2t,travel,Welcome to Chopstick Travel’s official WhatsApp Channel! Follow for behind the scenes content and travels.
Francis Ngannou,0029Va9vGQD0LKZ7aqjO3u46,uncategorized,Dream chaser 🇨🇲🇨🇵 _ Lineal MMA Heavyweight Champion of the world 🏆 _ Watch #FuryNgannou Oct. 28 in Riyadh; Saudi Arabia
Beebom,0029Va2nSjpAu3aY2ga2om0s,tech,Tech That Matters
Liverpool Echo _ Liverpool FC,0029Va7P3YeEawdqvDMreO3g,football|news-world,Welcome to the Liverpool ECHO's Liverpool FC WhatsApp channel - the place to receive all the latest transfer news; headlines and breaking news straigh
Infatuation LA,0029VaG53nB5fM5g2MIdXE2g,food,Expert LA Restaurant Recommendations For Every Situation.
Aqualens,0029VaA0QEP5vKAEQRNC491V,fashion|lifestyle,Not just a contact lens brand; a lifestyle curated for you - the Official Whatsapp Channel of Aqualens!
Men's Health UK,0029VaMOO8OC6ZvjUOFCt13j,fashion|health|fitness,Trusted guidance for men passionate about their health; fitness; style and mental wellbeing.
The US Sun,0029Va5vBGdHwXbD3YFFqG3m,sports|news-world|entertainment,Get all the latest U.S. News; Sport and Entertainment content right here from The U.S. Sun.
Emirates 247,0029Va1zdlL7oQhdHbTRfX1X,uncategorized,The official channel of the Emirates247 website on WhatsApp
Business Today Magazine,0029VaAQf3W3GJOunAPn0y0a,uncategorized,Founded in 1992; Business Today magazine is the largest-circulated business fortnightly in India. Follow BTMag.in for exclusive interview; in-depth analysi
Thrillist,0029Va6WXy2I1rcoouoaIC40,travel,Feeding you the best; newest; and most under appreciated places and ways to eat; drink; and travel.
Tech in Asia,0029VaApWC5C1FuClqFw2c3E,tech|english-learning|news-world,Tech in Asia is the largest English-language technology media company that focuses on Asia. From the latest news to the hottest trends and the boldest star
Cristiano Ronaldo - The Sun,0029VaCcSZg2P59jbubh5q32,news-world,All the biggest news; exclusives and updates around Portugal superstar Cristiano Ronaldo; from The Sun straight to your phone - https://www.thesun.co.uk/sp
Love Don't Judge,0029Va6nERS3wtb0ygxXSl3X,uncategorized,Meet the couples who get judged every day because of who they fell in love with ❤️
News24 English,0029VaGqAXCLSmbaxshQDy2N,english-learning|sports|news-world|lifestyle,The most trusted news channel in India - News24; is now on WhatsApp! Follow our channel for the latest updates on India; world; sports; astrology; lifestyl
The Yanos,0029Va4w2nHFnSz6l6SVIT2f,music|news-world,The Yanos is the official Amapiano Music & Culture Magazine for all your latest Amapiano news; music; videos and interviews!
Tech Tok,0029VaBp43h96H4WfpJ2OJ0n,tech|news-world,One stop channel for all tech related news!
The Dodo,0029Va2FHEj8fewoD4Ahrm1k,pets,For Animal People 🐾❤️
Warner Bros. UK,0029VaNY5hn84OmEJRYEkX3C,movies,Keeping you up to date with latest in film and TV
Preston North End FC,0029VaE1nigGU3BP7E8Uyp2C,football,😍 All things Preston North End! 🤍 📲 Our brand 🆕 WhatsApp channel.
RFI English,0029VaEFzU19mrGik8WlWV2B,english-learning|news-world,RFI English is part of Radio France Internationale a French news and current affairs public news outlet with a worldwide reach. It is published in English
Call of Duty,0029Va3b3iT5PO0ssPaVkT1H,uncategorized,ESRB Rating: MATURE with Blood and Gore; Use of Drugs; Intense Violence; Strong Language; and Suggestive Themes. Call of Duty: MW3 arrives November 10
Mika Newton,0029Va7QU7n8vd1Jq3pPek0n,uncategorized,Mika Newton; Ukrainian singer and actress
MyLondon _ Christmas in London,0029Va59txC2UPBMFffV2C0Y,uncategorized,Welcome to MyLondon's WhatsApp Channel for all things Christmas ♥🎄🎁
Lega Basket Serie A,0029Va2Vt1bB4hdJrPNA640B,uncategorized,Il canale ufficiale della LBA! 🏀
HUMOR & MEMES con,0029Va7mpNoBA1euVhffVy2P,memes,Memes; noticias random y lo que ocurra en la simulación que vivimos ✨
6PM,0029Va6YGBxADTOHDfv8Zd3r,stocks-global,6PM MEMBER CLUB EXCLUSIVE INSIGHTS DISCOUNTS & SPECIALS EARLY ACCESS BACK IN STOCK ALERTS www.6pmseason.com
Health News,0029Va34i9tAjPXFGy7PTc38,health|news-world,Your latest news and analysis on health; wellbeing and global health.
Carrie Able,0029Va6ydxa1nozCcJkW3t3j,tech|auto|music,Hello friends I will be sharing poems and art here with you as well as important updates in future technologies as it relates to art and music.
news.com.au,0029VaBNBM4I1rckUD2HIt2s,news-world,Hi! We’re Australia’s #1 news website. We’ll post news in Australia and around the world; here.
the MEN _ Man City News,0029Va9sNcQFMqrgZRG3px2q,news-world,Welcome to the Manchester Evening News' City WhatsApp Channel. We'll be bringing you exclusive transfer updates plus news and views from our expe
Candy Digital,0029Va1nWwLGufIy2mqyCU2C,sports|entertainment,Unwrap the best in sports & entertainment digital collectibles.
Glasgow Times,0029VaA1fJO3rZZZLMMFFK0U,sports|news-world,Breaking and exclusive news and sport from Glasgow’s only newspaper. Nobody knows Glasgow better.
World Economic Forum,0029VaDcHBKGZNCihKxwiD0L,uncategorized,We are the international institution for public private cooperation. We connect communities of leaders around global issues through high-level meetings
AFP News,0029VaBGIvpLY6dBMyvGo50M,news-world,Agence France-Presse is a leading global news agency providing fast; comprehensive and verified coverage of the events shaping our world and of the issues
FunDoo,0029VaFjBD1IyPtOilE7PI3C,lifestyle,FunDoo is UNICEF Innovation’s digital life coach to empower youth with 21st-century skills. Join FunDoo and train for life; one task at a time!
A Sports,0029Va9kjxo6mYPLvlX1UJ43,sports,Pakistan’s first HD sports channel
Jaguar Jonze,0029Va6cR1VDTkK0dZ2b8a10,music,Eastern cowgirl howling at the rising sun Debut album 🐰BUNNY MODE🐰 out now!
Axios,0029Va7PQlk8V0trTdfHL92O,tech|news-world,Axios is an American news website that covers topics such as politics; business; technology; media; science; and more. Axios was founded in 2016 by former
Olivia Rodrigo,0029Va7WkNI4IBhJnz1gKB1Q,music,Olivia Isabel Rodrigo is an American singer-songwriter and actress.
Express Politics,0029Va5GYq1EAKWItberOD3J,uncategorized,Welcome to the Express Politics WhatsApp channel! 🇬🇧
Fit For The Culture,0029Va7GWSiAu3aMKVnmk034,health|fitness,Fitness; Health & Wellness Platform
I’m A Celebrity,0029Va9kZwf3AzNW4DESZC0o,entertainment|lifestyle,I’m A Celebrity… - Daily Mail
Champions League - Mail Sport,0029Va8ZHFkG8l5ODNyOKO2l,sports|news-world,Champions League breaking news; exclusive and photos from Mail Sport's expert team of reporters; writers and photographers
Crystal Palace Football Club,0029VaFtyFEI1rcruuhFGx28,football,Create your FREE Palace account 🦅
Live Science,0029Va7Wmop5Ejy54zyohV1c,news-world,The latest science news; groundbreaking discoveries; and fascinating features from our expert journalists. Your journey of discovery begins at LiveScience.
New Life AG Church,0029VaBYtYwK0IBr1tN6If0p,lifestyle,Religious Organization
Eater,0029Va1sOSlDuMRjf1YJlF0N,food,Eater is the go-to resource for food; drink; and restaurant obsessives.
MarketWatch,0029Va5RrOI5fM5SJijzh11R,stocks-global|news-world,News; personal finance & commentary from MarketWatch.
ETTravelWorld,0029Va6BuglHgZWiP7pOWD1T,travel,An insider's view into the business of travel and tourism _ ETTravelWorld.com
Daily Mail Royals,0029VaDHgiwKGGGOz78E7c3X,pets|lifestyle,Your dedicated WhatsApp channel; covering all things Royal from the Daily Mail 👑
The Girl On a Bike - Vanessa Ruck,0029Va6y5Ne47XeFmFGhXn2b,motorcycle|lifestyle,Motorcycle lover sharing journey from accident to enduro 7 yrs; 7 surgeries & discovery of bikes Let's use life's battles for strength🙏
Salford City FC,0029VaFhMNV5a23zfrgGRZ0o,football|news-world,Get the latest Ammies news from the official Salford City Football Club WhatsApp channel!
Yoga & You,0029Va6xac1Fsn0nKIT2S631,yoga,Yoga is everybody! The only place you need to be flexible is your mind!
Kanye West news - Daily Mail,0029Va9D7bw1yT23LAXzKb2e,news-world|lifestyle,All the latest news; views and updates on rapper Kanye West; brought to you by the Daily Mail.
BOXXER,0029VaFQyZlKwqSLuQKZRp0g,uncategorized,𝘾𝙝𝙖𝙨𝙚 𝙔𝙤𝙪𝙧 𝙁𝙪𝙩𝙪𝙧𝙚 _ Next Generation Boxing Promoter
The National News,0029Va2dkfiEquiQ16foYk3I,news-world,Get the news that matters to you
Daily Mail Lifestyle,0029Va97LNsBvvsedJmdQC2A,fashion|productivity|lifestyle,All the latest lifestyle trends; tips; stories; and more; are brought to you by the Daily Mail.
Salon,0029VaDx7Q5G3R3d6TQzRY2N,news-world,The original online source for news; politics and culture.
VICE,0029Va1wz67KrWQnQWVroR3l,uncategorized,Original reporting on everything that matters.
James Smith,0029Va6s5wt1HspwucOMCv0x,uncategorized,Welcome; I’ll use this channel to keep you guys updated with anything cool I’m working on. Appreciate you all.
The Verge,0029Va6yFEkId7nEOdxynY0s,lifestyle,Covering life in the future
Matchroom Boxing,0029Va0rTPTLI8YdckiBJ82P,news-world,Exclusive news; info; and behind the scenes content from the world's leading boxing promoter.
Celina Sharma,0029Va7c5tCFi8xU45QqGV2S,news-my|music,21 year old singer / songwriter come join my channel will be sharing exclusive music and updates 💜
The Sun - Boxing,0029Va6ZophIt5s4LK8tCp1f,sports|news-world,All the latest boxing news; exclusives; videos and updates; from The Sun straight to your phone! https://www.thesun.co.uk/sport/boxing/
Golf Monthly,0029VaDCAkcGOj9rpUZpDz1v,news-world,The latest tour news; opinion; buying advice; product reviews and instruction from the world of golf.
Plant Based News,0029VaH4M867YScvTRAPGZ1i,health|pets|education|news-world|entertainment,Vegan News: Plant-based news is the world's leading vegan news media and plant-based health education platform. Vegan Celebrity stories; interviews wi
Times Music,0029VaDJegvDJ6GuZR0tOz3x,music,Times Music is an Indian music record label copyright music publishing company; owned by The Times Group; Headquartered in Mumbai; India.
Liverpool Football Club,0029VZzrQguGk1Fyoeqx9t0j,football|news-world,Find out all the latest news from the official Liverpool Football Club WhatsApp.
Sony Pictures,0029Va7JQlv6xCSKt1mjqf0f,movies,Your friendly neighborhood movie studio. 🎬
Manchester Evening News,0029Va3CwD4DZ4LZewQxoo1e,news-world,Hi everyone! Welcome to the WhatsApp Channel for the Manchester Evening News 🗞️ This is the place where the news team will be sharing all our top headline
LADbible,0029Va2AYJX7j6fxkPHryY40,news-world|entertainment,LADbible is a UK news and entertainment brand; created for the youth community. We champion everyday
SA Hip Hop Mag,0029Va9XCVXAYlUPQsiCQN03,marketing|news-world,South Africa's Number 1 Hip Hop Mag For The Latest & Breaking SA Hip Hop News & Downloads; SA Hip Hop Interviews; SA Hip Hop Videos & New
FC Barcelona,0029VZzc5wUKrWQraNl2Li2b,football,🔵🔴 Més Que Un Club La Liga is ours. 🏆 So is the future. ✨
ETHealthWorld,0029VaAcgSnKrWR01PfvGN2t,health|lifestyle,The pulse of the lifescience industry _ ETHealthworld.com
Kaizer Chiefs Football Club,0029Va5kwcKLY6dCUcUcAF3o,football|lifestyle,Official Kaizer Chiefs WhatsApp Channel❤️✌️ https://linktr.ee/kaizerchiefs #Amakhosi4Life
Morning Brew,0029Va9Wi7mHVvTbxegN7G1E,news-world,The latest news from Wall St. to Silicon Valley. Informative; witty; and everything you need to start your day.
MyLondon _ Traffic and Travel Updates 🚗,0029VaAtAq18kyyMeVybNu2T,travel|news-world,Welcome to MyLondon's WhatsApp Channel for traffic and travel news and updates 🚗
BirminghamLive,0029VaH18SO7dmeewwq5A014,news-world,This is the place where the news team will be sharing all our top headlines and breaking news stories so you can stay connected to Birmingham 🌇
UNICEF Parenting,0029Va1Jcky9Bb65lGt07i1G,parenting|productivity,Welcome to UNICEF Parenting! 🩵 We’re bringing together some of the world’s leading experts to share their top parenting tips. Information you can trust to
Fox News,0029VaFvjOv1yT24KlRkOz1A,news-world,The official WhatsApp channel of Fox News
Mumbai Indians,0029Va29iV32UPBHlhv8Gf3s,ai,Welcome to Mumbai Indians’ official WhatsApp channel 💙 Home of 5 times IPL; 2 times CLT20 & inaugural WPL Champions 🏆
the MEN _ Man United News,0029Va5la6v3bbV7no7rii2X,news-world,Welcome to the Manchester Evening News' United WhatsApp Channel. We'll be bringing you exclusive transfer updates plus news and views from our ex
Hull Live,0029VaArXRLDp2Q5hhPlOv36,uncategorized,Welcome to Hull Live’s new WhatsApp Channel - the place to get all the latest headlines and breaking…
Hull KR,0029VaKwhbL3wtb9UB6WVu3V,uncategorized,Official WhatsApp channel of Hull KR. #UpTheRobins🔴⚪️
Nikola Zujic Fitness,0029Va7BxVzA89MjkU6RHB2r,fitness,Nikola Zujic Fitness
Trevor Noah,0029VaDW8P2KbYMPDxC3GP19,uncategorized,I'm everywhere.
Brainjotter,0029Va1s8HmJf05Wz78aQE3V,uncategorized,Comedy
Cricket Pakistan,0029VaDgqvHGzzKbrfJ9LS2F,uncategorized,Welcome to Cricket Pakistan; your top destination for everything you need to know about cricket
TIME,0029Va7ix5IG8l57SpKHYr2p,uncategorized,Time Magazine
Israel at War - Newsweek,0029Va7juj53wtb6DYZsc527,news-world,Updates and breaking news on the ongoing conflict between Israel and Palestinian militant groups led by Hamas.
The Wall Street Journal,0029Va7YOCkJZg49GgHvWq24,uncategorized,Since 1889 🗞️ wsj.com
Leeds United,0029Va2kIbhAjPXJC2GQaG3y,uncategorized,Official Leeds United WhatsApp Channel
AphroseMusic,0029Va6tZN8AInPjOQfM8u1x,news-my|music,Hey everyone! Welcome to my WhatsApp Channel. I am a Soul/R&B Toronto-based artist. Stay tuned for more updates!
SYDNEY TALKER,0029Va6bz3SFSAt6YszhRe0k,uncategorized,Nigerian comedian and media personality...
UK Government,0029VaGDHQ6GpLHKEdlUt03L,uncategorized,Follow for the latest updates and helpful information from the UK Government.
Housing & Real Estate News,0029VaFGrZ5GE56kKgHpIT3c,real-estate|news-world,Housing & Real Estate News - Realtor.com
Billboard,0029Va1vQr8Dp2Q7WmGoZS0A,music|news-world,music • charts • news Official Billboard channel on WhatsApp
Her Family,0029Va39lJc3mFY9OiFbtE1n,news-world,▫️Irish online hub for parents and families☘️ ▫️News; know-how and support ▫️Get stuck in👇
Sea of Thieves,0029VaOzDvgGehELxD9qzL25,news-world,Official account for Sea of Thieves by Rare! Follow for news; updates and bananas.
Dancing On Ice,0029VaA9pJS30LKGJaglNv2U,uncategorized,Dancing On Ice channel
Space.com,0029Va7yjev0Qeand0gZ6Z29,news-world,The premiere source of space exploration; innovation; and astronomy news
talkSPORT _ Arsenal,0029VaDT1zG9cDDUI2JbiS3u,sports|football|news-world,Arsenal News
mrnigelng,0029Va73D386BIEkljdWDp2H,uncategorized,The internet’s favorite Uncle
Prime Video,0029Va6socc30LKJs8cA8T2p,uncategorized,Prime Video WhatsApp Channel
Caleb Santos,0029Va752YT0VycObKPFUz2v,music,Singer-Songwriter _ Actor _ Music Producer _ OPM Artist 🇵🇭 I Need You More Today
Financial Times markets news,0029VaAanKr3GJOrndtu0M2X,stocks-global|news-world,Essential news; insights and analysis about global markets.
Fashion Everyday,0029Va7ZnPDD8SDsRA6rbJ2W,fashion|lifestyle,Fashion Everyday serves content that are in trend with fashion and girls' lifestyle.
Beltran Fashion&Lifestyle,0029Va2LmWjEKyZ8LUKhTa0S,fashion|lifestyle,Hola a todos! Soy Beltran✌🏼 Fashion and lifestyle✨
ESPNFC,0029VaBW1l9IyPtM9nvNCU47,football,All things football. All the time 🌎⚽️
Nottingham Forest,0029VaKyHS9ISTkHxn34Tg0m,football,Nottingham Forest Football Club
Narendra Modi,0029Va8IaebCMY0C8oOkQT1F,uncategorized,Prime Minister of India
The Atlantic,0029Va2EdaIBPzjYKUda7s0Q,uncategorized,Exploring the American idea through ambitious; essential reporting and storytelling. Of no party or clique since 1857.
Youth Village SA,0029Va53vwZHwXb8pTvXiJ2X,stocks-my|news-my|news-world|entertainment,South Africa's Biggest Youth & Student Online Magazine For SA Jobs ; Bursaries; Internships; Entertainment News; Info on Employment ; Business &am
Gulf Moments,0029VaFK4nm9xVJZAlGzqL14,news-world|entertainment,Get the latest news and entertainment updates from UAE; Saudi Arabia; Qatar; Oman; Kuwait; and Bahrain. Stay informed with Gulf Moments!
Bloomberg Opinion,0029VaDhZfe1HsprrC9dgM2K,tech,Opinions on business; economics; technology and more.
UNESCO,0029VaHUoHkAO7RCkmguOi1w,pets|education,Welcome to the space for focused chats on #Education; #Science; #Culture; #Communication; and #Ocean.
The US Sun _ The Kardashians,0029Va6yTJcCsU9OWwqCWB17,news-world|entertainment,Get all the best news and gossip from the Kar-Jenner family right here on your WhatsApp!
Sky News,0029Va868Fv8vd1UsF99tP1u,news-world,Follow us for breaking news; eyewitness reports and the latest stories from the UK and around the world 🌍
Crawley Town Football Club,0029VaIWavB42DcdVwWmGC0O,football|news-world,The official WhatsApp channel of Crawley Town Football Club. Stay tuned for all of the latest news regarding your local club!
Financial Times Israel-Hamas news,0029Va6Wief4IBhFWSRqF611,pets|news-world,What’s going on in Israel and Gaza right now? The Financial Times has reporters on the ground so we’ve set up a dedicated news channel to share updates wit
MyLondon _ What's On in London 🥂,0029VaAI4oaHbFVAYz5REc0x,uncategorized,Welcome to MyLondon's WhatsApp Channel for all things going on in London - from bars; clubs and pubs to family fun days out; shopping deals; restauran
Sunderland AFC,0029Va42sro0wajovSbcEA04,football|news-world,Find out all the latest news from the official Sunderland AFC WhatsApp.
Arsenal - The Sun,0029VaAhWqJ9hXF5kPMuZk41,football|news-world|entertainment,All the latest news; transfer gossip and match updates on Arsenal from The Sun; straight to your phone!
Technical Guruji,0029Va2P6nF2kNFuxF9pwe1Q,news-my|tech,Another spot for #TGFamily!!! Hang around for cool new updates about myself and my take on technology...
Cheltenham Town Football Club,0029VaKz3xHA89MjDOFhZ73D,football,Official WhatsApp channel of Cheltenham Town Football Club // #ctfc♦️
Forbes,0029Va1UWrJ4o7qKzrSBvb08,uncategorized,The world’s leading voice for entrepreneurial success and free enterprise.
Roland-Garros,0029Va6tKaXGehEPa9gcOd24,uncategorized,ROLAND-GARROS 20 May - 9 June 2024
Daily Mail Exclusives,0029VaE7hhrDOQIbKFhOG61F,sports|news-world|lifestyle,All the best exclusive lines from the Daily Mail - from the world of news; showbiz; sport and more.
TechCrunch,0029Va7NyK0KwqSa2TL4tY3F,startup|tech|news-world,Tech news and analysis with a focus on founders and startup teams
David GUETTA,0029Va6gw318fewjzjfElH3e,music,David Guetta is a French DJ; record producer; and songwriter. He has produced music for several popular artists such as Rihanna; Lady Gaga; and Madonna. He
Age of Empires,0029VaO4FaKADTOBlWIeEV0R,gaming|sports|news-world,The latest news about the globally beloved RTS gaming franchise; Age of Empires! Stay tuned for updates on new titles; game updates and eSports.
Her,0029Va8dsyP2kNFu6TCfXm1r,uncategorized,If it’s in the group chat; it’s on Her.ie ⚡ for Irish women
Forbes Vetted,0029VaC1XFJIXnlpfKWPeR15,uncategorized,Taking the guesswork out of online shopping. A part of Forbes. If you make a purchase through our links; we may earn a commission.
The Times and The Sunday Times,0029VaENo5j0bIdplZsQky0o,uncategorized,Times and Sunday
Realtor.com,0029VaDhQP0F6sn3ylAYJI2c,uncategorized,Realtor
Bravo TV news - Daily Mail,0029Va99Jtp89indcGwaXV02,news-world|lifestyle,All the latest news; views and updates from the world of Bravo TV; brought to you by the Daily Mail.
London's best deals; sales; and bargains,0029Va5NF0aBqbrHGdFdzQ0b,uncategorized,Welcome to MyLondon's WhatsApp Channel for the best deals; sales and bargains across London and online! 🛍️
HomeCookingShow,0029Va6dhzG9Bb5xmy4wWS0M,food,Simple food with everyday ingredients.
gamesradar,0029Va1q6491yT2DfXFF9r1L,gaming|news-world,Hello GamesRadar+ friends! Welcome to our WhatsApp group for all things breaking news and other things we think you really need to know about
STV News,0029VaCESJzKgsNvKKNOYO2r,news-world,The Home of Scottish News
Josh Dixon,0029Va33Ucp3GJOyeu07Fc0B,startup|news-my|pets|sports,Sports; Venture; Media; and probably something about my dog every once in a while.
The Daily Beast,0029VaD88EW7DAWva767jJ18,news-world|entertainment|lifestyle,A smart; speedy take on breaking news and opinion in politics; media; entertainment; and more. Independent. Intelligent. Influential. https://www.thedailyb
GPblog.com - F1 News,0029VaDBzvFCMY0Jfy6eaZ2Y,news-world,The fastest and most complete F1 news website!
Yahoo,0029Va30rxE5kg6zJa47LN0Y,uncategorized,Welcome to the official Yahoo WhatsApp channel!
NJ.com,0029VaFgN6eFXUuUplnZ3V3q,news-world,New Jersey news and information from the state's No. 1 news source.
U.S. Mission to Yemen,0029VaKCAmaC6ZvmIO6Qc81u,uncategorized,Stay connected with the U.S. Mission to Yemen! This official WhatsApp channel provides information and updates from the U.S. Mission to Yemen directly to y
9GAG,0029VaO4FpCCxoAn3RH56g3X,uncategorized,9GAG (http://9gag.com) is your best source of fun. Get the free app on iOS & Android: http://9gag.com/apps
Taak _ Everything Architecture,0029Va7C0dY2UPBG5SuCSP0M,travel|news-world,We are all architects by nature. 📢 We share news and updates related to: - Architecture - Engineering - Construction For more information about us visit
The Banker,0029VaMYtLSDp2Q9QqVyX93P,uncategorized,Stay up to date with the latest from The Banker; the key source of data and analysis for the world’s banking sector.
Harry and Meghan News,0029VaDqzoP5PO14EqaqsQ1p,news-world|lifestyle,Daily Mail I Harry and Meghan News
Aston Villa Football Club,0029Va82UDCJpe8ar4liLE3D,football,UP THE VILLA! ✊
Rangers - Scottish Sun,0029Va8RgtxBadmV2mNrxj2h,news-world|entertainment,The latest breaking news; gossip and opinions on all things Rangers FC.
Know Your Meme,0029Va9gA7cEFeXu1WnQGf33,memes,Know Your Meme brings you everything you need to know about what's happening in the world of memes and internet culture. Led by the world's leadi
Mona Corona’s Luxury Travel,0029Va6hVKLJJhzdnIivQy0V,travel|luxury,Mona Corona’s Luxury Travel Community 👑 ✈️
Express US - Election 2024,0029VaM0Yj0BadmTyhV3jc1Q,uncategorized,Welcome to the Express US - Election 2024 WhatsApp Channel
The US Sun _ NFL,0029Va71aGI1t90WvfQZbA2Q,news-world,Get the very latest NFL news and videos right here from The U.S. Sun! 🏈
Loose Women,0029Va6t2oK0gcfL4modR70j,uncategorized,Join us at 12.30pm weekdays on @ITV and @weareSTV!
90mins _ Man Utd,0029VaF9Dmk4o7qHDcssPQ0l,news-world,Manchester United news and transfers; features; opinions; photos; videos; team news and more...
Factor 50: Love Island news and gossip,0029VaGVSaRL7UVRS6dQry0b,news-world|entertainment,☀️ Welcome to our new Love Island WhatsApp channel - brought to you by Reach’s national and regional titles.
HT Tech,0029Va9iditJENxz27aoVF0k,tech,HT Tech WhatsApp channel
Johns Hopkins Public Health,0029Va70g9p9sBI8IeCikT1L,health,Johns Hopkins Bloomberg School of Public Health
Rangers FC,0029Va7AiLR0wajnFd97Pe3T,football,Welcome to the official Rangers FC WhatsApp Channel 💙
SUGA,0029VaI0eypElagv5krj5620,music|kpop,Suga; also known as Min Yoongi; is a South Korean rapper; songwriter; and producer born on March 9; 1993. As a member of BTS; his impactful rap verses and
Brentford FC,0029Va7pGJQ23n3eE9VQrG1X,travel|football,Welcome to our WhatsApp channel; Bees! We’ll keep you up to date on everything Brentford from the latest match info to travel details; club offers; and the
NYT Wirecutter,0029Va6nleACxoAn0RJMhA1R,uncategorized,We’ve been personally testing and reviewing products since 2011 to help you shop smartly. When you buy through our links; we may earn a commission.
Burnley Football Club,0029VaJf4s6IXnlkbHcgyl1e,football,Get the latest matchday and club updates right here on Burnley FC's official broadcast channel 📲
Food and Health,0029Va3ScstBqbrBKeWrzl0e,food|health,For all health and food related updates follow the channel
Seen.tv,0029VaCk1e06buMRjR4p1o2J,uncategorized,Seen is creating a more empathetic and understanding world; by helping people share their human experiences. Our augmented reality toolkits guide people th
BGR,0029Va6WfmIHwXb3D2UJB01K,tech|news-world|entertainment,Updates from BGR on tech; entertainment; and science news.
World’s Strongest Man,0029Va04gSLCsU9URuVn0N2t,pets,The World’s Strongest Man competition was established in 1977 to answer the adage; “Who is the strongest man in the world?”
Irish Examiner,0029Va66KgvJkK76l2fD2j3U,uncategorized,Irish Examiner
The US Sun _ Dallas Cowboys,0029Va8OXvjEawdixGGxhy3w,news-world,All the latest news; trades and Cowboys exclusives right to your phone!
Newsweek - Sports,0029Va9jkLpJUM2WiWJvJI1P,sports|news-world,The best stories and breaking news from Newsweek's sports desk.
RSVP Celebrity News and Top Stories,0029VaABkiEGufJ3sBPPT62R,news-world|entertainment,Welcome to RSVP’s Celebrity and Top Stories channel. You can expect a wide variety of must read stories sent directly to your WhatsApp
Dining Traveler,0029Va2jXv3J93wVvLJC2Y2G,travel,Dining Traveler is a resource for culinary travelers & global home cooks. Moderated by Jessica van Dop DeJesus aka @Diningtraveler
Yahoo Finance,0029Va3Va3eBadmXInViW13c,news-world,The world’a biggest business news platform.
UN World Food Programme Supporters,0029VaFVXL0H5JM6l7xZgs3I,food,This is the channel for United Nations World Food Programme supporters. Follow for updates on the impact of your support and more.
Li-sa-X,0029Va6aihh30LKLxHrtqN0H,ai,Guitarist for KOIAI / Solo 18 year old Japanese female
GAMINGbible,0029Va7RIwvAInPmXRxFhs2r,gaming|news-world,The best place for gaming videos; news; reviews; interviews and much more
Natalija Ugrina,0029Va7AO2aAojYmwQxsZq2i,news-my,Hi :) Welcome to my world 🌎 💗
Frontline - Ukraine war updates,0029Va8d1Ej8V0twXbGZSv08,uncategorized,Global security and the war in Ukraine; by Times Radio
This Morning,0029Va6QbknCsU9S7Nxv7w2h,uncategorized,This Morning
Express US,0029VaCWBp6GufIx1iNRbf3B,news-world,Follow our Channel for breaking news and exclusive stories from the Express US team
Page Six,0029Va6QtCHAO7RJXEHdHi3z,uncategorized,If you don’t want it on Page Six; don’t do it.
FORTUNE,0029VaHys43IiRon5W1Nmw2i,uncategorized,📰 The best of business since 1930. Get the latest on www.fortune.com
Hombale Films,0029Va4m5Q3CsU9QbJ95CW1v,movies,We are a film production house from Karnataka making Kannada & other Indian language films across the globe.
Anto Joseph Film Company,0029VaBF07JHFxP1zmfwyP1T,movies,Anto Joseph film company is owned by producer Anto Joseph. Beginning with Kana Kanmani in 2009 the production house has recent successes like The Priest;Ma
Chelsea - football.london,0029Va5UfcrEKyZ8Lbjgo51Y,football|news-world,Welcome to the Chelsea WhatsApp channel from football.london - a place where you can get all your breaking news; in-depth features and the latest transfer
WhatsApp,0029Va4K0PZ5a245NkngBA2M,uncategorized,WhatsApp’s official channel.
News by Pubity,0029VaAeDH9D8SDvbpHwgt0x,news-world,The latest news from across the world; brought to you by Pubity.
The Sun - Corrie,0029Va6dVsDLdQeYFUB57R1c,entertainment,The latest Coronation Street spoilers and juiciest insider gossip from The Sun.
Scottish Football - Scottish Sun,0029VaDa2t36GcGBDRgniU3G,football|news-world,All the latest news; views; and opinions from the crazy world of Scottish football.
BRODA SHAGGI 😜,0029Va7EAuz9xVJYKomkoc2u,music,Nigerian Musician; Comedian; Video Creator; Voice-Over Artist
Politics - Daily Mail,0029VaDdamq0wajkmMlnAf0W,news-world|lifestyle,The latest UK politics news from Westminster and beyond; brought to you by the Mail.
Chelsea FC,0029Va9OeEpFSAszDCKvmo3n,football,Chelsea FC ⭐⭐
U-Report Global,0029VZzI8gF5q08YjvI8vj3F,uncategorized,U-Report is UNICEF's flagship platform that enables young people to have their voices heard and participate in decision that affects them. To learn mo
Shake My Beauty,0029Va6zwHg3QxRwc7oziV2f,news-my|web3|beauty,Shake My Beauty showcases extraordinary women who are redefining what beauty means.
Middlesbrough FC,0029VaEEdxj6BIEjf8OHmw46,football,The Boro’s official WhatsApp channel. #UTB
Israel Laryea,0029Va2HvnU7j6g5wgXP5E2S,stocks-global|marketing,Ghanaian; Husband; Father; Broadcaster; Influencer Marketing Executive and God's favourite guy 😇
Washington Post,0029Va7dzCa1iUxSeh6NSG2d,news-world,Delivering the news and helping you understand complex topics; now on WhatsApp 🗞
Bolavip _ Leo Messi News in English,0029VaIvx0jCXC3Sjhbg982V,english-learning|news-world,🔟🇦🇷🙌 From Miami to the world; get all the updates about Lionel Messi in your language.
The Sun - EastEnders,0029Va6dxn2HFxOxgKAQF80N,entertainment,The latest EastEnders spoilers and juiciest insider gossip from The Sun.
Culture - Newsweek,0029VaE2taH3wtb7GJbPyy3J,news-world|entertainment,The latest entertainment news and gossip from Newsweek.
Semafor Flagship News,0029VaCh9R0D38CMgf9kMG09,news-world|lifestyle,Welcome to your daily global briefing
Charlton Athletic,0029VaLsmzt72WTwZpm6ho3X,uncategorized,Welcome to the official Charlton Athletic WhatsApp channel 🔴⚪
Chiragh Baloch,0029Va2KbHH3AzNQ1pEg4L0z,uncategorized,The Official Broadcasting Channel of Chiragh Baloch. Artist / Content Creator
No One Cares,0029Va8AUyvCMY0KLra9Mi1f,pets|auto|memes|entertainment,Up to date content related to all gossip; humor; entertainment and many more categories.
Drone Racing League,0029Va45Cbu8KMqg7c2ojR43,real-estate,The Drone Racing League (DRL) is the world's premier; professional drone racing property for the best FPV Drone Racing Pilots. With custom-built racin
MSNBC,0029VaP0ELg1CYoTZiRSNP2K,uncategorized,The place for in-depth analysis; political commentary and diverse perspectives to #UnderstandMore.
Health Shots,0029Va548N2GE56tJAXLqv0t,health|lifestyle,Health Shots is a part of the Hindustan Times Group. We offer credible; expert-backed information on health. Stay tuned for your daily dose of health and w
Cooking with Zahra,0029Va7L81s9sBIH64gEaJ0X,startup|food,Traditional and Modern Middle Eastern Cuisine• Half Iranian & Half Sudanese • Award Winning Cookbook Author • Food Blogger • Founder @zahraskitchen.ae
The Telegraph,0029VaIvUGrBVJl9cUsSf83y,news-world,Think ahead with the latest news; comment and analysis.
MotoGP™ Latest,0029Va4R14Z1iUxYGtYvLg2M,news-world,Join us and stay tuned for the latest news about the MotoGP World
WABetaInfo,0029Va7cGfw7DAWzyEJLyO45,news-world,WABetaInfo is the main source where you can discover news and real-time updates about WhatsApp. WABetaInfo is not affiliated with WhatsApp LLC.
Sunny Leone,0029Va6gwzV2v1Irswh5k51Y,uncategorized,Sunny Leone; is an actress; model; and former pornographic actress
Staten Island Advance/SILive.com,0029VaDqkwH47XeBFjwljY0b,news-world|lifestyle,NYC’s only borough-focused daily newspaper
Cricket with Ansh,0029VaEtjL38fewweOpH6g17,uncategorized,Everything related to Cricket 🏏
CNN Underscored,0029Va9iUcZ6buMNqK6gaV2R,ecommerce|tech|travel|fashion|health,CNN Underscored is an e-commerce guide for the best in style; tech; health and travel. When you buy through our links; we may earn a commission.
SLS,0029Va1m9p2EQIaifevNfT46,uncategorized,Street League Skateboarding
MyLondon - Top Stories and Breaking News,0029VaAoJNi2phHFbYBMBi0x,news-world,Welcome to the WhatsApp Channel for MyLondon 🗞️ 🚨 We’ll be sharing all the top headlines and breaking news from across London.
Digital Spy,0029VaBs03C8PgsG3myPUU1D,movies|news-world,The biggest news and features from the world of TV and movies. By fans; for fans.
CNN,0029Va9OHhXKgsNuPXq8dl1r,uncategorized,Asking the hard questions and bringing unique perspective from across the globe. This is CNN.
Men’s Journal,0029VaC62RPF1YlPQUaGvO09,uncategorized,Men’s Journal launched in 1992 to inspire readers to live their most adventurous lives. Today our team of editors and writers continue that mission through
PFL MMA,0029VZza3Oz9sBIH0raAeX1F,sports,The Professional Fighters League brings the sports format to MMA for the first time featuring a regular season; playoffs; and Championship.
Deadline Hollywood,0029Va6wxmcIHphNIPXeqJ26,web3|movies,The Definitive Choice for Industry Insiders
Newsweek _ U.S. Election 2024,0029VaFU0bFKGGGOzU5J7Y13,news-world,Newsweek channel covering the 2024 Presidential Election.
Daily Dot,0029Va2JEooIN9iqnCeuk21C,lifestyle,Reporting from the front line of online.
Money Saving Club,0029VaEcuDy8aKvAa5D2nF47,uncategorized,Welcome bargain hunters; deal seekers; coupon collectors and serious shoppers. This is Money Saving Club; our WhatsApp channel aimed at saving you money
Transfer Rumours: Premier League and Championship,0029VaGcQLDFXUugPFRzmN1S,football|news-world|entertainment,⚽ If you’re looking for the latest Premier League and Championship transfer gossip; rumours and news then you’ve come to the right place.
AS Roma,0029Va6pkSbG8l5E635nd612,uncategorized,The official WhatsApp channel of AS Roma.
DailyMail.com,0029Va4HAd87YScv7BXo4a3I,news-world|lifestyle,Welcome to the DailyMail.com! Feed your addiction with the biggest stories from news; politics; showbiz; and more right here.
clevelanddotcom,0029VaO3NNsKwqSWTBu7Z506,sports|news-world|entertainment,cleveland.com is the premier news; sports and entertainment media website in Ohio.
I'm A Celebrity...,0029VaAIvUQIN9ivm3TJ6N2W,news-world|entertainment,Celebrity news
Glamour,0029Va3hQfr5kg70AFHDlN0a,fashion|beauty|health|entertainment,For women reshaping the world. Beauty. Fashion. Wellness. Celebrity. Culture.
Irish Mirror,0029VaA0aMtCXC3BI9e7mb2E,news-world,Breaking News and Top Stories
HuffPost,0029Va6p2kv7j6gE8UTMwU3B,news-world,At HuffPost; we report with empathy and put people at the heart of every story. We take a people-first approach in everything we report—be it news and poli
Human Rights Watch (HRW),0029VaBspTjGehEUl9JOeB3z,uncategorized,Exposing human rights abuses around the world. Join us to help end them!
Daily Mail I Strictly News,0029Va8vl2xADTOCUgjW6F0P,news-world|lifestyle,Strictly News
Mansion Global,0029Va6DHap7oQhVFgSvQL2D,stocks-global|pets|real-estate|news-world|luxury|entertainment,The latest luxury real estate news & listings. Celebrity homes; market reports; and more. The official account of Mansion Global; a Dow Jones publicati
Who Cares?,0029Va3oaqnKGGGLGd4ZzE2e,auto,“Who Cares?” that makes audiences laugh with their inner voice.
jhope,0029VaNVl7aAO7RQSoOenc1c,music|kpop,J-Hope; born Jung Hoseok; is a South Korean rapper; dancer; and songwriter; born on February 18; 1994. As a member of BTS; he is recognized for his energet
British Vogue,0029Va80YEJK0IBZXCr0wl0S,fashion|beauty|lifestyle,Fashion; beauty and lifestyle through the Vogue lens; Britain's fashion bible since 1916
Top Ranking Boxing,0029Va3Pw9D2f3ERSN6uA13N,sports,Las Vegas-based Top Rank Boxing is the global premiere promotions company for the sport of boxing.
ARTnews,0029Va1XbDuAO7RKEJA8JW3W,news-world,Founded in 1902; ARTnews is the most trusted source for news in the art world.
IGN,0029Va6i0OG90x2nQB9RMX2F,gaming|movies,We’re all about video games; movies; TV; and comics!
Fabulous,0029Va5rIhFAojYrdu7Ojq2V,parenting|productivity|lifestyle,Unmissable real life stories; incredible parenting hacks and affordable shopping tips.
Real Madrid C.F.,0029VZzjvDWIt5s5EgORWP0q,football,Welcome to the official Real Madrid channel!
Travel Babbo,0029Va7USiIElagvsCzUSn0c,travel,Travel Babbo
Free Worship Videos (Min. Prudence),0029Va6yeYTL2AU62sd1fo2y,music,This channel is the official Channel for Minister Prudence And other Gospel Songs that Edifies The Spirit.
talkSPORT _ Man United,0029Va8vaa1HrDZcSd8Rht1K,sports,Man United
Matlabi Duniya,0029Va3Z5f4KgsNxvYYx3v2L,uncategorized,Matlabi Duniya serves content in Hindi and Hinglish language.
The Standard - London News; Culture and Sport,0029VaC8Ujf7dmeTUKzTXQ2r,sports|news-world,Welcome to the Standard; the new digital home for the Evening Standard 📰! Follow us for updates direct from our news; culture and sport teams
GamerFleet,0029Va1USBh7T8bONNBR3Z2y,gaming,Hemlo Fleet Army ready ho Duniya hilane ke liye ❤️🔥🫂😎